rainfall,water_level,soil_moisture,temperature,humidity,risk_probability,target
496.17274775950426,7.605633891677987,77.34290534850281,36.17060144071286,75.01999000259289,0.891589256533482,1
429.276480750881,6.569248580020348,9.185825774326917,44.59458452310182,88.98681110641833,0.6225094348667909,1
128.27094190002336,1.5205792623355407,18.542752606076306,11.950019851033947,62.75631379848982,0.29773573556906013,0
229.1538030455728,5.153352645265486,86.64105926004747,27.250369391642717,85.25703182283772,0.6567721076459683,1
230.34643177617414,7.014394549862234,62.403822005400144,13.67627263857352,63.78225709854294,0.6180108977051907,1
123.64556153192385,5.608268657647213,16.476006504958573,32.86578282842506,31.748711649864028,0.3471677149488327,0
416.62414106664266,3.0286472181464177,1.241614407503433,13.611456156999122,23.252392142226128,0.43809856375276873,0
73.83559182586269,1.7031234756060731,91.29195869602744,22.82690350398629,44.612249939430264,0.3681304861849639,0
10.099581742337271,1.0812842754114405,63.58591984387307,26.96367811618509,81.37094437137378,0.16990620534859766,0
482.1587434039896,4.35420953804699,14.720434923020143,17.36159370525619,37.27505304946106,0.6098090897905438,1
313.3297147468934,3.2684646098887757,54.629278914771994,20.549372913858534,23.53716687319018,0.4124390156437455,0
415.1836853836098,0.7676792867288584,41.50221078722321,19.7968436688744,55.978030593996294,0.4324885896691489,0
24.79087714151873,5.790931420637802,62.70131562232722,21.088422457671786,75.06987197911076,0.3781467530442807,0
1.0280403723738063,7.771158590459583,66.20829333339103,24.51871443780789,48.465966982790505,0.5015642073812249,0
478.76788690033504,0.895457787451599,12.015936895126988,14.240469434140651,52.00202717841584,0.49799827712074907,0
134.1208817127494,1.2089499089743116,28.31123119745196,42.20283683725851,87.82092108774977,0.22873570677017802,0
388.59409993429216,1.120674565670241,34.27291794122852,44.21919776756698,93.69442648986144,0.3970870044664059,0
302.2415778465638,0.8852381511110985,17.95764974232036,38.81289540916916,88.08792931848858,0.22687893565903688,0
373.27830105485543,6.433372758519063,68.72534478036143,43.263983161968284,50.42999772888341,0.7510495935113535,1
307.08672053386886,5.3876016698728355,68.25532261128086,35.77177434303826,21.329434984218203,0.49965437691952685,0
24.38155224258931,9.41865129236373,65.38533207940075,13.21665288391965,22.989409745707068,0.5913249487862102,0
318.25489087919357,4.998238782937099,58.69522660949878,28.1980499492127,40.45684356671201,0.48539256133167075,0
64.47765921951293,4.957050545500557,56.172907235987815,26.82761518905666,30.399091140596298,0.38574948370367873,0
156.02779756159396,9.064222969266485,30.295539586267818,27.463272394095252,36.66092400670653,0.461698152818271,0
329.7807603006029,3.3421100861947304,29.222773446319962,27.36355656722394,30.627667121747173,0.3551506138873055,0
25.249278179120537,5.478843407382785,37.08519193389827,28.525730374933453,44.34327671205032,0.2477706947984566,0
230.29755608543863,5.177514777387774,38.515702923905835,31.03846108312399,57.241612298009095,0.48613925322000934,0
183.00012390828437,6.530920223197878,87.90889071889126,12.960572707231682,47.40688579047797,0.5964457874842433,0
86.66754746342143,6.030367805162778,38.94259851536022,30.013937635981037,37.961761908744876,0.43021966573404125,0
253.42669523392863,6.237649988626545,1.9693711352760102,10.741527322262888,30.1638268252266,0.46183070294072515,0
6.8549799237736515,5.81367607677246,39.08424414065021,10.00349611345531,92.22951137172231,0.36595693748623964,0
181.05565489611874,0.6669671442938241,22.20776708848827,41.57323857437014,98.51366083536033,0.22952405536247897,0
366.7504937756139,7.931088112736713,81.45127771459528,28.569608884909798,37.002863954124585,0.7422701397936415,1
119.99503711872755,5.54713292184646,82.03504288581665,36.944032798431905,78.04851744974518,0.5347837319676352,0
164.13605073556968,7.385175826105809,39.66453794481608,24.68904658619601,93.25247176579543,0.5820770453548594,0
382.457189955666,8.326527876172118,34.47412569013634,20.813750923618205,52.53247292711788,0.7066699491306063,1
128.03808260497462,7.010849270891217,5.170885838484784,27.019734840461716,98.78352947195062,0.3775903417754412,0
175.76271380299136,4.51682633895005,52.67190940515476,43.2770769592037,38.78412472977863,0.41131904242740014,0
470.279187664295,8.515501392026726,91.46485204446192,43.57312060156683,77.4439241850477,0.9775743797304938,1
325.8012503052921,8.510245831525824,44.288817991239746,19.88012977324827,23.59735660687388,0.5634501780459626,0
16.90369225815269,2.4428312192364965,79.7158508732275,44.292483460150905,88.09730410646894,0.2995424238195423,0
91.71176853749452,3.9212174056935343,3.2654998710511474,13.232999862610324,92.36323407122606,0.15771628144406075,0
8.707970554189426,4.005250212465608,49.60653167702084,22.617700554681406,26.241944300641855,0.285841509487249,0
269.8229943433587,0.7542838906792804,14.599553485473582,15.081226739592722,94.99715629227465,0.22253111982920445,0
99.80551091118683,8.841148117084606,38.74135603365589,21.922761298622717,48.31987305764219,0.5133231228748387,0
167.9025025676015,4.935185395794836,23.940590609664213,14.806334656943697,64.11153465112898,0.38242087673286784,0
262.2340515405785,3.3565121503331685,7.529197861684011,32.90008878823861,86.07840266636018,0.386123987527041,0
299.94492025706637,0.13996553415611346,43.737985026388316,17.5188917589902,31.035885767519098,0.3396300661680407,0
153.80111455648753,1.1869859508689051,98.18338494626475,31.490334577040706,23.207040185732374,0.29683904012958706,0
450.5549669520377,4.011195269645667,38.67610318308714,24.368430818401187,54.764337663332796,0.5072218788882819,0
150.03806729285523,6.955274566431107,87.98176284930238,41.84973440094873,21.816790516405476,0.5441443291093074,0
100.01373945947839,7.189350756284895,7.996792259046314,17.637415989297676,96.0622230248911,0.4303947252060172,0
68.55138345430922,4.460263313580631,97.73612067510514,20.79559264588539,78.5740129903814,0.414765937245963,0
41.06189064102822,3.299171906122896,41.56798072047449,18.672713601053005,26.912478929936352,0.2760823282354896,0
381.3324426050537,8.13062027961443,95.96500211767884,25.313688947430713,77.01829831374475,0.8788429808975873,1
495.79371073870874,5.813986406093675,84.89351608643577,21.764366082633124,23.849487843733648,0.8296927518536917,1
232.9165818054501,2.472990991638364,13.336046395231504,11.280129292928095,80.92525404920042,0.2974483395879192,0
226.69078568006623,6.887302177044223,3.11041102066254,29.650890903833165,39.01700120472799,0.3457263950489842,0
377.34424121420096,4.405701961961483,23.882876008171916,36.777238756819784,98.99875771924764,0.534622451530332,0
159.6319838710721,9.451918784558984,58.12659821848234,41.10051197870821,81.98434598344338,0.7699118245108731,1
127.84654965934294,2.099597930053665,44.59332496745614,34.692437187032546,46.99058551563979,0.3433115559637722,0
121.64162816618234,6.163890545878882,82.70169503203756,14.043270183290616,71.16693027771836,0.554440409653703,0
432.36106503863556,9.576277368568562,64.53410440754152,20.934854085240957,47.589456488378346,0.8328118909667466,1
222.13052601507093,9.1900120262484,16.319174826886496,16.35767380539205,55.86434122729479,0.5368385201643393,0
388.8612117484799,3.645276975383407,46.55621808597083,19.018040760696728,58.57801692690554,0.5193616178666879,0
37.429003348072975,3.527559394043256,22.602562237950487,27.85378744420427,59.27408097237125,0.2171518153482557,0
407.6105496129752,8.280787909706065,43.015010861194845,38.99271467627365,40.63529848456873,0.7261205666711184,1
44.642414498428096,8.82717376408484,21.406511727114474,32.66923879684979,30.192822925403846,0.30909702705935943,0
16.67702893176931,8.482878323508254,58.47931577099123,20.386685890128945,22.86633040826218,0.4550039584160821,0
377.6554935151726,3.3969494939258773,57.707628284763956,10.732359441302261,90.11272684190156,0.48139576365040215,0
242.3186848495089,2.790558847661303,38.220825578547704,22.509185814997387,30.84852865613522,0.31971687923854575,0
110.39234680828058,4.007296760321347,19.048952038325883,14.448608128412332,94.41349902411423,0.31488465611369026,0
38.769044038297615,3.9747865679936565,28.257863035208132,35.86900654586213,29.751724725935482,0.297314990441431,0
452.884296489976,0.568334195962451,69.6331459413964,17.826943136771362,81.16271949275271,0.5478230642439492,0
396.36627610638527,8.86624993607619,74.78178238612642,44.24920522323784,33.495461364488634,0.785583262607493,1
288.6049720762443,3.122372482130291,71.07852742562038,29.651320606822498,72.08453956461139,0.5127740474882329,0
361.1351158191181,0.37789597498450234,88.13609810900964,18.504218321796078,74.68385234958788,0.43733385462133034,0
142.90695046653306,1.5265029016557041,70.46593645415264,12.527955864664568,32.500134977243185,0.2476399564082461,0
479.74855302595597,4.471346434507932,20.841111006945134,42.98663046415734,73.37879347566818,0.600916840448779,1
185.47084478851988,6.352918482395586,54.95143407890185,38.291254253315216,46.36984221621858,0.5576434825950477,0
468.17148211766215,4.962981861345138,56.4594189493947,25.95909757691488,52.501846501815706,0.7819375720429699,1
79.74580425914607,5.665730791335561,52.32103584815958,20.03192311459619,73.02089403612761,0.34713280544578506,0
155.0964806064305,3.711589275585397,63.28150821806646,22.23697730345634,86.54606894749435,0.35534736768713376,0
189.98231431339823,8.830775793982255,33.407744801020186,20.010561295919473,59.96672489077197,0.5901050608841536,0
13.909853069443368,6.486670044306649,45.164454630953024,36.90347891344524,90.41893576427086,0.27392197202318014,0
59.97056458411415,6.6903546573684505,89.75406834559013,19.382823963626695,80.65945461317443,0.4626465893520977,0
121.18530725990095,6.191531838266409,16.922778529429017,28.739778456084824,82.44060191908979,0.4357146690218167,0
158.53982497863956,5.368648205472769,18.623084491470742,30.333097112142106,64.51210333003684,0.43236275671904967,0
476.21783988311233,2.079764315707311,33.633070881208795,20.826675218946974,30.121694647354637,0.5673225853117185,0
317.99995931092786,0.7438181553350098,93.5001040669257,18.17501398637451,36.90480751321424,0.4090886221777737,0
11.776192824971277,3.9147686108708832,50.46640760938966,33.30768162683592,76.43120162647986,0.24938064295419568,0
464.692907391485,8.817542099373568,25.22034287519971,41.915690217864515,34.453500285166506,0.7440987395732005,1
276.34875556915574,1.8870013399611518,95.78670460194985,12.839050200902523,33.23278532508929,0.4965953073613587,0
332.81910920491606,0.5430983348922025,61.415290436851286,10.98086465835181,32.95843800988855,0.3996289271970623,0
430.8976234430799,4.73124604388458,68.93032752238226,26.56318462976423,23.50723829080179,0.6813718173329938,1
174.6525566164785,6.482651990013242,54.03813631607055,22.318442850757144,65.88967009120795,0.5681765027075806,0
102.72809746679724,1.6045204921197231,0.6788667799599413,35.74431369884383,78.13151918313346,0.21606856809398184,0
123.9823155692667,7.317924903677627,63.56387801505543,41.03740751775297,78.03702383095944,0.4268927196015646,0
117.90318219193396,8.038362422876196,86.19270957706556,11.997777898251403,20.821831340124184,0.5873377832576494,0
248.75730157342173,7.45872883286797,62.927940682978246,33.63440354643588,25.83379660233378,0.6387578662346577,1
116.95122910097383,5.842937345340324,53.329490152941226,11.386666299799636,96.24176292094592,0.45957229876163685,0
382.48176765293556,4.820620328907311,29.336594089787315,20.266824438947893,42.282437031296006,0.5729667471491071,0
421.6229837360145,4.491570559152077,75.01200937162747,42.842837196306476,42.529568577363804,0.7487999069759081,1
239.43549137725407,6.914005020344952,40.29258724488327,13.238526299090884,30.118443119419727,0.581945964539885,0
449.4874063886098,0.3338204529060562,40.90106247103831,27.265907016267548,53.964882727584104,0.5184295140082871,0
36.61826882750868,4.5013526339315675,77.04896106751929,25.910411630683384,36.583612933291924,0.364978051393344,0
93.23677757682086,8.571370450922535,90.42905232785738,29.587013609134598,79.7797526258834,0.5629765148695854,0
499.64312213035316,6.937547431834173,63.32813950063086,26.29492664528349,76.95045212752493,0.7011344529251045,1
163.0071720680922,1.6721159490477777,40.6189721115781,36.52879542423056,96.76480509190186,0.28003291962023624,0
28.676272187216355,0.4849183901185705,52.391703453568525,20.898088623772118,79.98157818121307,0.13649986087485902,0
317.2995805652513,6.588726362064956,55.4962304536446,35.84520828480302,56.10719115912225,0.6502968217910159,1
340.71739267259824,2.464654343682262,4.647841491009319,43.217701100047435,27.967078787086443,0.4054418058827209,0
412.0330244062841,2.7284845897591046,43.86682227080724,27.10024627271755,32.169975948829766,0.4859740144465653,0
94.79392864692483,0.2671906730575202,84.97174710011033,10.748444862271056,79.97392384190724,0.20388527764118183,0
157.95633851518232,7.154987188255447,20.368347213045478,10.095257458431558,24.47245311460253,0.39242690018980375,0
116.24885507990457,2.7958274849023654,61.02840578589696,25.46573815181395,28.6971762547359,0.23651059213808945,0
474.15543896977476,2.3474778364537228,79.12633392137333,30.243072534138268,89.74696471956,0.5723020861742343,0
111.36574690092883,5.5196141753875585,11.055809789363547,10.421224542738369,82.49219537939491,0.23898503775482305,0
217.78151539382156,5.265537992347223,62.28451320134213,34.35461233084992,79.20942530975671,0.4964120444882667,0
34.22401387030993,9.920519261532528,33.63410386255556,42.88615332789734,70.07090135873467,0.5112530285517195,0
203.20816477213089,6.263515882055827,7.004290798745005,10.301690301199587,27.46157852331106,0.345152637227326,0
351.7250129504055,4.149307150716716,55.60317646748104,22.389513627395303,36.39271456273494,0.5849124058859155,0
35.819617805471935,4.147643270303759,33.75585560187958,30.028043944471786,34.32601901372798,0.3315884062619447,0
109.89862207721151,0.34218296605707743,43.27184693952234,10.713112247918398,74.53987994725313,0.23855708273873807,0
494.4279536002784,8.465626684588516,21.80161311712436,37.47572769473615,90.19312008701043,0.7548213405977356,1
491.1585030565004,4.878897352156417,98.06460591138905,19.0823339491056,30.574299216899547,0.7190974943002293,1
117.79508195222132,9.824632891226164,50.29337712952723,33.79327752568499,51.61553295030111,0.6543211294430368,1
214.90790409150856,3.0855969078739163,28.314213461933736,14.469384309676709,83.7658223958559,0.3180907168230814,0
441.7061325877546,8.6515219883712,59.378255857123264,27.916672593276804,47.697115936790546,0.7730635889383215,1
91.96050216586555,9.947422537729478,64.3822542181838,25.030108022965596,52.76058315999854,0.60587231158056,1
481.23427227316165,7.687987984998599,73.73788737194366,21.38821362621053,62.60238826540535,0.8014599783127789,1
245.57291979917778,7.614128433770773,98.94416313877585,13.085461205745732,41.88309072290737,0.7094041040790636,1
60.069839303726226,9.011971489143658,20.925477667739155,40.34008489861144,72.85175083625123,0.5347284902842512,0
282.1862835671201,3.9470698156141215,92.57962734526195,15.548887385539732,90.11624330832439,0.5740234727333159,0
125.67524555340631,1.1959463478621435,93.4162845527659,31.30285016612081,35.08150019460764,0.3731568520771513,0
372.9958598386155,3.196283673343147,58.444821579733656,44.34055314061817,52.5882455834727,0.582603056167142,0
360.64371251938803,2.4383118157871966,13.033515278765117,18.96745121444781,93.35302595875017,0.371235232822867,0
115.43547093817419,6.186246207427263,59.36506257906433,22.02011121709397,71.67103236301004,0.46553363485059474,0
46.53753498039781,4.320902270870096,30.217063303719904,40.12090175849005,28.607988965592916,0.2477788683980686,0
478.64244045093204,6.956351084700799,89.25827500746004,18.53947848214718,33.42940290968456,0.9283665507112372,1
146.474147137525,9.955566732548352,88.21086114337245,28.38878744342266,69.79391659903774,0.7143912201058495,1
272.6970550080741,4.131960528318441,2.258847978584144,44.548508509830796,24.42175186004434,0.35558318761011887,0
288.955538418702,0.0028346234428167083,86.25475421369991,20.837647363578498,83.55256523376909,0.47509962072229084,0
345.72655413184157,9.446088405665437,19.531921157066414,35.59636234274337,28.409104003856296,0.6860621288211539,1
305.23945763158287,5.932840600047744,65.4429599590226,18.568693548907596,70.8646619099504,0.5711713230205634,0
64.89648493059657,5.202699117936564,54.15199903228489,23.10296174677209,78.15186349889319,0.4155758959091265,0
433.64153438000966,1.3760062875254508,15.976772810404249,36.09152629225565,62.45197986867696,0.5139877307150167,0
299.1595972906647,2.1052366454578477,34.05846653971854,10.208776996366447,36.20471310016779,0.3926040920881526,0
223.96679735477804,5.575176719640592,55.61025004062048,15.302942040967986,56.92176514632742,0.4526568226569884,0
290.3352679019396,7.471564869193678,92.12249700965583,30.928046398500157,36.58850293021147,0.6525548525737959,1
270.0770741206888,8.442524946845133,34.82203038116227,41.30979524920324,28.311795374732974,0.5600134340323909,0
330.2333125018137,9.439952075827515,0.4826650006385713,38.4834234460174,34.614329078074356,0.6516570085458745,1
267.00711432548115,8.966527601726815,18.9723536926364,35.67692712505158,90.75316888514779,0.5868752122447506,0
16.535699553185456,4.472038204838031,18.52178765578849,44.68669505532606,24.69743873814803,0.2488914991107547,0
346.18290959292676,9.429509933469074,67.76209278253536,19.626138328976936,74.80029906965547,0.7787914869604601,1
133.85823557414372,6.963547215194237,81.91392098564367,29.169623119526495,51.39399706897095,0.5573012574309413,0
142.3371931243628,6.820530562837686,22.57686266831509,41.22872781679921,23.215489886107754,0.38663517099889044,0
223.29028734750779,9.784912289529368,90.67112756838935,27.513942718795573,24.866083834480097,0.7338680085160783,1
329.3151595186002,6.052815619643086,35.10930497553885,12.584361141726346,53.907830850168175,0.5976204124968287,0
380.393321973806,7.719408764267305,83.65942971140467,23.125753176836753,41.91757608496728,0.7833489231189272,1
177.6925327860469,6.754981079216298,14.225237041707805,36.698759443330104,84.98831067558613,0.43070059266218613,0
226.67797260273974,3.1400415685244543,93.27005526219918,21.533339160762324,33.57990063628109,0.4010622891182358,0
416.04500942756033,9.42254544852088,37.67653205549737,12.233664555755487,71.35280209055342,0.8024849285771275,1
274.1841421588665,7.256623092913628,97.41846845262918,31.33134439218869,47.89973352117214,0.7043686769411891,1
195.17516267764796,7.248672622120827,13.045781595740902,43.11659951218649,84.32189777819482,0.46165958402527,0
329.07496908776363,5.953612433506121,31.900208920249707,31.77952375325894,62.128590560088746,0.5495006823658795,0
148.88722964532258,2.984962360257002,94.83416992562009,15.543136175166321,38.794028354726976,0.3360653295684591,0
38.6024969288497,1.7547377509718887,74.45578554089766,41.23171065012889,90.35023094860588,0.30349664424596123,0
292.3753764060622,0.07419042953766719,98.82408900826496,39.52445196712262,60.86241331854598,0.3136873793507578,0
121.38399111154075,5.975479847813937,12.865033952474302,11.069171639819631,32.010310529478765,0.38996504270092514,0
341.99291663223516,4.279204081765017,48.794135349413416,26.280033940410185,41.41896933405057,0.5635426629138545,0
372.7255787773282,2.592729150892661,58.699215706710426,11.5883575112858,64.5267429810901,0.49860519188578023,0
137.84933347938087,9.77078098639032,77.81963206702444,30.815769093238526,32.98602027505603,0.6392975109954895,1
244.12526927244411,3.8525372207893414,6.405520499721096,12.146724942620299,86.0942188473918,0.4051203063289661,0
144.60698184428978,7.210513556559681,52.55681688859573,38.190030486966904,92.75531229322672,0.496582029927973,0
117.32182225718863,3.2062603106145215,69.34220353793326,30.5310990688869,77.18034160523942,0.356901308871659,0
492.88603714140515,3.8463908577865658,70.46706535987049,19.623205763088396,95.66944689531111,0.7088349333667595,1
203.64980725555782,9.114197233693472,5.515121411674706,11.824514766892213,20.457081983005274,0.5675322599941031,0
150.84445665275743,8.809900309554964,73.02484136088952,23.564775931349686,28.284920357952537,0.5198434098689383,0
480.88517961850255,4.941126293713102,11.06719708643139,40.6929374510927,40.33674198913953,0.6731729862258533,1
318.41934908820724,2.8733575797805755,4.735846871787464,12.440842181671469,61.602625006365315,0.42762368906562376,0
495.2886461169391,1.551547554705267,43.435326943339525,12.240046101842898,61.98296911352589,0.5142043625713638,0
315.71873066330056,6.538575595540528,57.832750943664976,40.76366680492787,90.64797623037988,0.6159963356666537,1
23.622724979171338,1.5492816622730066,77.24688262248073,15.543232991765688,33.976925823097666,0.251739226293264,0
192.4687956839612,7.688536183235712,85.39533132950592,17.89525615582302,67.26481231502459,0.6613924711602379,1
156.62816308778378,3.5700409628608365,87.43499298533922,23.39204613484504,22.263058005284783,0.37951269834997636,0
37.733753958981545,1.098617672095652,22.02024853350514,24.133220531159317,32.37809832837633,0.16600594355172382,0
454.98899864401193,7.166027348679789,60.18674888089265,25.71770240143276,49.55843796542258,0.7739291083918083,1
33.80109973187295,6.980604522082579,79.14952700424799,20.299016191119087,25.945876878635012,0.47665388177245244,0
5.953609624067768,9.251473211938574,33.927026905614035,17.253900216934035,65.97268040282172,0.40220049258166846,0
276.95543340287554,5.745360970588489,87.62885233267681,11.046699116553345,37.98689341813014,0.6364540493888063,1
183.37050626217888,4.527524752225385,33.83299437255859,34.76452204683784,90.8394526090765,0.3377663373727799,0
42.66705640445617,8.743025402346957,43.65888814511095,17.872428897605072,73.47132006526968,0.46586412298890545,0
495.896437463353,4.674798710656601,29.59538946756445,42.53700868291146,96.31390792828941,0.6136033463239186,1
384.83051103612627,2.4104904412475636,23.31287572271341,13.370422886555879,45.804553470689,0.48052837921088887,0
136.6319578890449,5.086529868432423,12.01778707115354,13.766494006564766,89.01728257093822,0.332094126124955,0
427.02597208421656,7.836662388136428,25.578787043008266,27.540387245557838,44.04741731404761,0.6536979461653983,1
401.334995380564,1.4641799286581925,20.09834979291241,27.215633350073286,53.77107196568183,0.37177695696680535,0
419.73986388286977,4.62892936085188,45.09055043297805,39.51706967330024,99.545169896911,0.6006260978348006,1
41.39839335887757,9.94708777176606,31.195822337665224,29.695213347030325,67.53805605960838,0.3444149340222823,0
66.39054754764167,7.711445881210707,54.03889083011353,18.948723986950874,40.93917479123149,0.46779105986207836,0
366.0659944931763,7.243941738069967,96.95347710480259,15.288603549089393,43.172744054784935,0.7592353058090264,1
417.20739036350767,5.6119016722567725,40.081335537399674,13.755588106908458,30.015887573054556,0.588526393366517,0
97.94054959288539,9.63330071160165,39.691425724251104,35.97299525772728,33.333292565272686,0.633917493943031,1
204.9305439429453,3.222193374052801,14.529102396258375,11.744692783440653,76.01409283966923,0.38837583441881496,0
339.44354608351,4.456318610678089,38.7328011675943,24.244643187405472,74.39562880198142,0.5916459877899138,0
23.958119913524477,8.847681760866934,19.402870266032735,36.76818914060392,85.75083676870995,0.39943142087503014,0
182.98383775070565,9.270887185081216,20.49412945781016,31.199930835183487,64.58408316731342,0.4971279391160524,0
217.8076463636358,1.7632142359800584,51.14175746933376,17.022652374558316,59.72599330003871,0.39128802239191873,0
232.1966311153541,2.628992324210333,81.67155362344762,38.1065487197186,83.06089071522435,0.47064063155942176,0
344.587645767245,5.046764343575521,8.844158287206195,21.824027932681233,89.12379009230904,0.46364345616998515,0
159.63699922605807,7.839211100612865,15.54282322171745,24.058620741432282,87.99133905334855,0.44035940849704125,0
226.75358994682858,4.797113642860192,40.979593779367654,24.210567015982384,55.20074383743153,0.3982215646741102,0
192.96574234687546,7.080457556628847,19.996055916340218,38.85609597538031,82.59353855265388,0.47682783364174036,0
174.43015877348267,9.530100521748047,91.69140090161304,10.371652947020237,76.81144376421072,0.6316901862986717,1
248.01406016561623,6.40248311551108,16.407853464605935,12.415904362186389,52.7552837686245,0.5235869694659232,0
317.1790740941978,3.869585286382493,33.646760953696194,18.929529100857195,39.764774156352935,0.5482277192981397,0
255.0588365078394,5.260395133001765,32.11233556753819,44.98781359491707,43.47416555097571,0.5164679362820641,0
261.08205768535504,2.0209700380444,34.22951608867055,34.45219798133819,48.09791836253019,0.41563024943964555,0
335.75160386770625,0.4867059925388606,55.44358975045125,44.049068127550385,67.54146689711618,0.3906122752976194,0
377.8689777230152,3.0190341962377367,6.863636048617039,18.470313073374783,52.513518484180075,0.4018056887589646,0
101.90824588998132,9.188759660678809,99.91517144672909,35.67605041303479,55.8560501400421,0.6880302269616729,1
331.626789882374,3.2280491388514667,62.56623544458895,22.10392983279049,82.92485718023158,0.4268073308091549,0
126.37638999990669,9.234503518277354,68.13336196746168,17.575197714957657,68.40924351366348,0.5813561465085152,0
136.42478981172795,0.9386589384618083,28.113209310823684,17.69178723758468,94.66405502074794,0.26868874257330877,0
167.6396139822955,8.580361878017198,64.42842226666767,40.72358661717994,52.94919729119993,0.5745924422639251,0
70.67384094143692,2.68149011413211,47.21362036975738,23.84205565311293,65.29612467336558,0.32142126884579436,0
37.14519313719655,5.640306865417152,39.42717815187362,11.82311552639637,65.78468043049526,0.3142658391965954,0
359.68790423725045,5.372022451518203,78.78886093661133,15.299219347365968,82.70978463637775,0.6314657999881775,1
395.42068888303226,7.895685157532467,34.43118090182704,27.472485310054395,89.41143065634391,0.7716352816136157,1
485.0583108897351,4.5875962963215855,40.030857573363356,34.6551475616578,38.234450939499155,0.6462715032516048,1
117.87978404913146,7.531496466680671,49.626755624176525,38.790682912018184,40.02084415343165,0.47560435247526966,0
238.4381501840238,8.756199717157601,24.1849384687548,44.171910103809445,71.9812094120313,0.5587713348880609,0
302.3099489313753,1.0184028948929968,8.690367316287151,21.946625285631477,68.19744473460649,0.2612177854284586,0
203.54048210069797,7.9494462963370625,38.3045508326191,10.17983193132669,86.42636026548763,0.4981937256393545,0
189.38467243634028,6.048626867976786,54.515929543290675,29.681963752042808,32.703521255689054,0.5234662772033652,0
262.61479693650415,6.326444761389847,43.86585171499181,17.23489072040308,79.37649768606403,0.5875464393461716,0
35.994259779042196,2.1753758896270234,7.932698125234716,28.41659071309182,50.16297193963484,0.1733384129190683,0
429.861932470487,9.663767843641663,38.05224136070866,41.70542823697754,54.47088669528376,0.8177840033523006,1
221.55532497132063,4.738863131900941,10.439714365730278,21.9331557592829,88.93099906541912,0.4342511881989946,0
355.16879809289645,2.7765453842637533,42.22597642964546,19.83598065503435,95.56058350511013,0.5086843321556568,0
402.05935736611934,6.246004767433744,5.239010218202367,16.43773813969761,38.91456867983869,0.5372365601034738,0
429.73314165573873,6.871154546625506,21.816372794762106,21.23448685046364,32.918085284558515,0.7908996264507906,1
174.7130619345333,1.634206641309096,27.62872961458125,43.0931848941822,63.49603713441854,0.32348082577531934,0
491.6409500369883,3.7948634963238757,61.45268959118062,22.310066514500058,47.958486314190054,0.6840419335700882,1
387.5284067851887,2.4604668782178996,99.51778051665049,21.47729497216207,86.27985941439346,0.6687489464126124,1
72.84878837172842,3.1366675916297915,13.976148914264153,31.033371975473685,42.5596310490167,0.20737264548621917,0
437.1729522707844,7.187904015421653,10.529399366545123,34.10175957034973,28.646063579607024,0.6967475929427038,1
102.84254655581393,5.57134741462924,21.725422705152255,39.760245088598346,83.6459278406468,0.40110495999968643,0
19.422718795980344,3.806693157855301,33.90286019363228,11.328996989318883,52.55914525559173,0.2814253506428556,0
278.63984110129286,0.46368937325419135,36.09045729849378,31.78297464012886,98.6330079185677,0.33180015015089476,0
355.4855195108715,5.095141518124379,79.30788054611125,37.79491510786893,22.083598565680145,0.6687370260991573,1
428.7910360535001,0.6171016336940538,97.93874942895539,41.81173932851637,92.0366286913779,0.46028871621659034,0
231.46572378054853,3.1554476670715648,66.68469599812472,24.895354698115153,70.26454493289657,0.5355076038486862,0
114.58712671692022,6.0971982988053615,47.17987295823165,36.061158391850334,88.18045836513603,0.40077610869362723,0
57.594557083401334,7.00591769489553,12.109974244050658,16.019876588772252,26.762728965111684,0.37841612129466345,0
106.2439173922316,1.3185735691385914,79.5134725080117,37.80799309688693,45.98317915756817,0.28212820217651896,0
482.14115823742674,1.0739571972121942,5.060444657779706,20.008234750732264,80.40337779548733,0.4748744440526382,0
338.8508376600566,7.917825137186806,0.7643101212173931,23.986614909682107,31.08732604075591,0.5133186328132926,0
341.95037192579474,3.1529401107863544,84.12819247469103,31.54760360571373,96.25196990898372,0.5647304063410237,0
48.54240389295966,3.519946102223522,81.42666399974291,32.08650412192398,25.607314209950374,0.44921742814508325,0
363.8029510156961,9.671634173546623,11.608591080562302,28.428260215596442,61.45615378479526,0.5757816396710747,0
333.14135790302134,8.528621803813365,10.613144245113515,16.711447221005763,37.23042061070733,0.7528513012109634,1
218.73663888338984,3.8187047625070414,7.830026908838173,35.773829042522976,74.53600962647597,0.36554156106416347,0
270.5626262806351,3.3869485721308337,82.81968291329447,37.761329263382464,75.55738390741391,0.5239683499330087,0
120.99298004621917,1.3249846168560864,84.70442640397906,44.985136095413175,77.89514177034172,0.31420982130120134,0
134.28533873426252,4.859007964990594,12.203392839117843,41.188600713573095,45.285482842900066,0.40922328023166166,0
374.78990561753244,8.162305938125634,71.49691817564452,17.292511349721845,49.32916985280719,0.7792139055639018,1
400.062573403873,9.169190441994676,75.66713140125529,40.692807060386286,30.26326122944715,0.8561361037587438,1
256.57180418677024,5.2865761402013405,3.934258337918739,17.622556685536424,31.348359674447217,0.42295877109862556,0
494.82893660339323,1.6186751573110492,53.230512765059416,12.582369101077823,58.98856644827489,0.5405164767898581,0
465.0944129712223,8.362229395631331,42.089945693561695,39.5609859603288,51.549991558319476,0.8306569919726262,1
100.03208837218197,3.0176478070400705,68.17162040527627,24.647306331980474,98.66353260859381,0.2905979634858484,0
248.3647161340249,6.403802675330716,0.24215983387448903,19.54507141019548,83.40114597731598,0.5059474197100563,0
335.48582547164443,8.441822691924054,22.486878267857268,34.189680601058356,26.138154239314062,0.6792928317634715,1
265.5772412116285,8.772829997246683,28.43545211835726,21.381491349853118,57.13116302946289,0.6204311448373703,1
33.53823734989153,1.5826118085833274,13.122161042847369,32.24077642563523,92.56498296126372,0.2014372376612664,0
435.65679247990386,6.834329438509909,45.153223724575476,39.60598753009792,92.06379478098587,0.7053885705218536,1
233.7543817335936,5.271725992502687,24.864141897415703,25.04987103202049,23.842618261507393,0.4425955298234765,0
477.94752418622545,4.401250678809322,6.419977492754425,18.970835211222877,55.22775822946528,0.5453448149663631,0
129.29084778440546,3.7572016093054303,60.61593729413131,43.50178631038801,75.57591775035317,0.2773807765710473,0
165.24751519895543,1.3190088762776442,22.699053298509163,15.218348969948424,32.04102049356642,0.17861547683752124,0
257.60177596136515,2.2626373397710697,21.186470066230466,25.35841775325479,47.57383482229063,0.3048158264901785,0
316.04863821468746,2.360130989117545,3.173436288727327,17.07528174588263,50.476040547446516,0.42897444520806827,0
284.43659105888065,7.154107057311769,82.53741814116383,41.64003785372752,85.02250382925968,0.6225273371462862,1
474.3390299799485,9.269366944510818,91.38475550009217,44.922805633417035,49.75069972811096,0.9440335958294195,1
173.99792005167004,7.491045812957749,67.31339523189449,39.19574799622221,67.90357098112261,0.5394675821095426,0
13.017430740204283,9.972869168749405,41.818862818034845,14.4596456161131,29.5928814950856,0.4598191290446555,0
211.40132830551934,2.9206543975005825,95.47528540238527,23.125465809658117,86.33318168122923,0.44992640543306184,0
405.8274396676722,9.386598165484106,97.7871413542016,41.11370968436283,96.72233553932128,0.8560027225947452,1
0.91391842193006,2.5373154713979496,33.18857246278638,43.569403215528204,55.32718935482971,0.15012398327201976,0
490.21410799165193,3.9146232267563996,54.30495884704478,31.113362100755264,48.56574393116749,0.7135694825545135,1
71.5736346548016,2.3525299341728925,21.35148048118468,13.239501398158353,23.098679210461135,0.16490738151081202,0
39.026286464244606,0.8146328496161226,50.916107070413766,25.200002613735066,92.23289710578821,0.14190982839912458,0
261.16833286009717,2.1742434516273446,24.247946054296566,19.558153088549872,34.348777289301935,0.3129875607708796,0
65.7280291724866,7.832792213456539,13.670674959091688,35.09442451823777,55.05786778929317,0.4290701186665918,0
211.44524380471702,2.7799693566050276,11.540682578680805,18.66110075973626,73.42586610944406,0.24472433043748698,0
66.37268952222686,2.9993294803906503,50.530992193046245,28.92899845622796,50.17261568280382,0.2758871877305905,0
217.0323968921942,2.6899318530795604,65.30319472797697,26.20220175528741,99.1201455202884,0.36275295829785625,0
123.23916478030988,4.69214116736424,12.292381244481454,41.85528346921966,48.10318332263802,0.2599725114051707,0
355.3197811819656,1.1575977076767952,24.970503185724468,35.09104230080506,84.78575728431133,0.385832659556078,0
42.75002269987532,6.499662084349147,24.28013596602876,38.62641106115524,67.60019645441987,0.3515492110772768,0
59.5950369353247,6.527858741558145,50.17109581116813,42.16098267464728,67.18208001719533,0.4148128601645348,0
146.58351215537036,5.028914813694145,97.05060662997812,35.72533637680562,72.28233415842591,0.4096647902581273,0
291.13485614663455,5.3877438052797135,40.164068296572,39.91280265336103,27.175534690050753,0.554258904491781,0
148.47118550621374,3.7895239242681003,87.39243828691265,30.409122636887755,61.375615537294124,0.4170172753713974,0
192.26406951607166,1.6663369377668924,77.9477903065448,38.258607687902156,98.31466775863737,0.35248045390501664,0
183.08243351122127,6.1194124846261335,9.602453774423081,29.423680701400198,59.461769470861405,0.3997307395261032,0
464.6764042884918,7.536559376655446,41.187901917909585,16.215661867713912,20.5059291855746,0.8818288465241194,1
252.73340482108696,3.7427443320471943,82.24305314296456,44.90327875694659,91.63880167749896,0.46762312956394925,0
396.1777504163544,3.9501093453944405,7.390858622162755,23.246208998170268,98.53060298365509,0.5528431587010982,0
431.12141571307177,9.051117238268205,89.77163549456635,11.743062765853427,86.80937794689554,0.8132748387933898,1
225.500444061357,0.5103885320559565,95.9215381926881,18.07205672667308,45.92944366307533,0.43136554400540095,0
352.4819317454767,5.1725068166781,3.451460814403229,25.665025670617403,26.077656515941072,0.49999695642460973,0
462.39469009037873,0.9591555706559496,9.864679589802227,31.338857215004694,63.599364813208126,0.4104896388561666,0
194.12613568705083,7.013752042966626,49.17516627736329,20.912373237784998,93.53865611293641,0.49972518391029386,0
358.2783483187883,5.092282818873297,94.83259446086949,25.59487975480805,26.691682185189887,0.6941735043245152,1
293.3777805902634,9.395341650718796,71.00655736110079,32.73943876742911,84.96353662738721,0.7045681029986586,1
39.75592831684377,0.7721451194837692,72.77686114319901,36.43599134016948,72.82799879015855,0.2169328379460539,0
308.77104118594895,3.389198120019823,99.45465942178573,15.879921139372986,94.70620382149058,0.5676070036249657,0
8.640774183640564,3.1041216359727706,4.450937808488997,13.641061614112266,22.642625178819713,0.19792083342514225,0
139.08191824021486,4.6945170429491405,84.4903880106866,11.255895285927306,25.527637781480614,0.43500005445217926,0
30.588124823810013,2.2488293865170106,5.857843799974138,39.28487366547894,70.71739741082907,0.15099923515415178,0
260.2264128329087,5.3927860275456165,48.39451969199329,33.159786393116256,96.65382676789703,0.5132537426542121,0
44.761812143569166,7.361678356178166,71.26221975311121,21.793040944001362,79.38386275738279,0.4119398349330944,0
209.85210955767863,4.979044204785771,79.61117336420554,36.49077222074068,32.407770401465896,0.6535070473815439,1
454.1264587258714,4.723714409391202,33.49934056035059,20.693332013320134,58.23781490727123,0.5918490202829059,0
433.03625949758,5.7761086889837285,24.136797280115296,27.771105380702814,31.067535465166607,0.6492767898517543,1
368.1058445697083,7.6819822085487335,72.52681552750249,35.546989470105274,54.696349242506734,0.8280862648697475,1
105.30061720495881,8.055957162567847,75.49147531501937,28.71422702230383,59.220836234924725,0.5021205048977668,0
403.26169032098034,1.2182439360004382,11.88298391961533,37.122625285107624,55.374798068198714,0.3659552055105418,0
137.60246654369905,2.6804771538463457,45.80268632150257,31.737113412718486,20.57484322152324,0.33950780175315964,0
58.02405850688791,9.606626919914687,3.080481989942585,35.06618343260203,69.10600495891592,0.43322115032528885,0
38.86315576414062,0.5253970225230387,65.51367703185329,10.04162020636058,95.23130934175967,0.091842971694684,0
188.20580416079457,3.914019656594813,30.13073760012076,12.829824538098777,58.48566861122711,0.3405886615342773,0
195.50581135511047,3.162736634712285,63.973555237501756,13.467854997796472,86.67208219632259,0.37305223539502463,0
149.74041018040575,5.375472504804381,67.04271179265203,38.388406906025466,55.36625481447197,0.46567080392980625,0
374.9353213127436,8.970186045642809,42.74851793313113,18.960750438163956,98.35211100026163,0.7407572308823923,1
55.98700798891776,3.236738109696696,34.705110475888745,21.955564167201743,28.284086522875995,0.17824483152082315,0
94.64985689790034,4.914258945957723,37.761610585218655,40.85403525945747,35.44549923643217,0.32347647033960175,0
327.1625268221851,6.806028789389142,6.074958705408795,33.837546651460805,51.08123923171827,0.5820064680298092,0
228.73110660902069,6.2301994128851295,98.38407396222631,28.50580081549769,29.509099928032878,0.5322047927634033,0
291.97346740828397,6.7782643566123815,17.81222284563747,42.17501435548075,74.47043945465522,0.5105017746512263,0
389.8918404740861,7.262846774080271,56.469335771541104,19.695373768540655,23.6350561199726,0.7791373251396613,1
4.816518835266514,9.330616955236462,13.602986267874595,23.943539606117994,59.590736378429234,0.4300228053770183,0
30.49051863998575,9.124396433677363,43.41431019649592,18.24786842375697,45.67528553464224,0.44552174993908794,0
228.26364952917817,5.645520543139037,38.946436050501084,28.869358157548483,92.70870704917678,0.5587917903797748,0
470.2564754330305,2.653617871943746,1.700147470902913,19.979073781180624,42.98042187747165,0.44140934038032387,0
74.4668946928081,8.933767806077332,88.59965231276566,18.444054603117955,20.994208316051576,0.5187403689908086,0
244.61104103920772,3.1502524213266048,95.96435129236133,26.071251939759236,86.53183745059691,0.5399010029197095,0
95.15206907998768,4.5999471594287025,93.77951723077584,24.558827912650756,22.083869827565266,0.40011411263014074,0
419.25370364843263,6.9271422437698496,18.9965392601252,18.931267892699527,73.4130813204912,0.6494341826723391,1
353.8831169331361,4.9145112294825815,87.57906317810514,28.42416356248215,36.456634384504895,0.6973733146386605,1
57.159947394664954,0.2728997014143142,32.764225907643464,27.30791443990116,27.077408126784242,0.03215030071351413,0
334.4523970330819,7.209538072093768,86.73699101816469,18.279049733329224,95.18742348431064,0.7032123679277276,1
119.60421481616773,3.0086622669161365,53.71263698373645,23.743697813032234,80.15586933697764,0.2957361937835975,0
247.1679002739222,1.0587888842637883,5.308418929265912,35.749896621824014,90.06919112156635,0.24397862889749072,0
139.67036080050582,4.130375021846059,57.466112972130645,26.010338367305717,95.9820030576496,0.3605985149124269,0
296.0262923580529,1.4571304683409803,13.50506846974321,42.6560062357063,83.08914164092114,0.3164205572581479,0
451.9903755965375,6.005238816990035,40.830645399477625,27.235378653539087,93.59609746345231,0.6734182422394187,1
366.221451738404,6.7322566026823125,24.15633222761463,20.162438920052104,55.72895867389906,0.5619388689732062,0
143.61053227823422,8.858010341378412,13.364537437565783,44.52491448311861,46.31715389405194,0.5897630213895949,0
45.38616458491451,0.7870391096036666,60.499733419704995,30.12975406300397,34.5224169391293,0.07674437241008084,0
450.26329865018664,5.725020284834748,6.105853184294885,39.4909429474135,64.62867807521326,0.6192743055901986,1
14.833094934459613,2.392558830242556,40.55773253081094,14.743349019910294,91.6368441569065,0.2255423839567883,0
39.209676504181445,9.707517524409205,90.42932006975558,18.592798490808285,75.41339146710185,0.6006735258497727,1
140.82285385095844,9.413486826936829,47.43068297860392,16.96976138342653,32.821751188048026,0.5783984272336143,0
118.14536357254912,8.114089054856134,89.01770111858409,15.192022406103565,68.91238694361874,0.6201020480319636,1
84.16353642258507,7.917286997882185,18.506690971334994,41.21372065976401,75.903828765693,0.3263761027201019,0
319.39888824203297,7.050621346984825,67.06366291346988,22.423505491436558,67.38821845999274,0.7080562144166579,1
151.41047511692213,6.749967915553373,91.40267032928307,13.640695976824663,47.318366171277965,0.5045680278717379,0
283.41730077957,0.24940941583067255,52.42397604786739,18.19388449581717,87.53510526391683,0.3243710043842605,0
445.30644999166225,8.113429895016312,43.08875106058757,40.73678731002467,76.01787732937748,0.7061517292217845,1
213.0305371794461,4.178466884496803,4.3203166496123995,12.576890625990561,80.01077879051037,0.41937965691988865,0
465.7561815858183,8.290044349572879,88.11287539921102,41.585948710675765,33.787811444250025,0.8178135709051353,1
399.2823885238182,3.2389994709910255,25.036004228016353,13.20841762100734,94.05542109870738,0.44922452479596636,0
310.2856715460659,9.929801417588699,18.771425313652045,21.639949651408593,48.8837585760167,0.6511767300392469,1
90.97510748041427,6.240709240659061,3.0370860045344727,33.72996243159359,80.69762667008945,0.2117807842356697,0
391.37028846084985,9.44842840258908,65.1987185230824,33.23763904698846,81.04829448750948,0.802866504627425,1
147.584560825132,8.395913953693784,98.60296896128823,14.712276110102158,26.299137335504092,0.6564833135960968,1
35.34898810023807,5.596433235271794,58.40022671002368,20.749688229716085,74.00474680086045,0.3341209149709534,0
495.5932717224798,8.331176754615704,2.921299282808454,38.495447241463864,24.834814395583944,0.7741306403433246,1
417.7475859403413,1.1778824957474976,66.05807794462399,37.53709745210296,35.45530090393801,0.4631457706952021,0
496.56988622113636,1.5273666026197597,9.591432048394367,24.26917406381758,82.95960892966278,0.5216375588849441,0
66.87995996525814,5.184511245959591,48.97385967044696,16.263172703734625,46.5689602817682,0.34589232199830167,0
373.8236556143487,8.812690079196507,5.4922833440479435,42.39305930590801,33.40307014030203,0.7015850985911962,1
152.99640580434814,7.049759721181247,54.8790189041952,33.61478507626589,30.955832065136917,0.5773999289853442,0
9.725806640800084,5.974161619417318,41.17141098923006,20.896972037857488,20.568180269892142,0.32532662960972614,0
93.4866969521731,9.70150627808011,93.47925193451036,33.07980995682459,45.97438562977102,0.6849242467142862,1
195.6264803207276,1.2991482413285471,62.574986076593305,41.50728328772672,47.488709776333195,0.3529494117544659,0
121.19311451151404,5.740902864551192,87.98386201241004,32.18142149605252,40.98058664951032,0.42289400638981134,0
162.4280428239792,8.510304606017257,8.398293245685384,22.062344976055904,72.45624205670005,0.48916620246734976,0
459.87080609131306,4.207480550808983,94.46030594660682,34.44960499435505,44.94201094567426,0.6929030700295693,1
407.1141524774849,4.382011103829068,84.21478052204947,11.581101236286877,44.92378660246645,0.6597400668367879,1
290.7222891934807,2.8460878344029474,42.98827222484272,36.622872542427956,95.57039213262728,0.4416283194476276,0
349.1602169932976,3.8180212599540675,66.84028976127044,38.553316926050606,55.04429483977536,0.46021761873937805,0
149.6181776636073,8.25206919651205,98.16995598308739,22.940605099768042,94.77228129017534,0.7577452217355842,1
454.46958955103685,8.178315255462172,87.8234456058122,39.720499060223204,60.43254380950391,0.7906213783894647,1
110.44547464803594,8.454566208246273,37.89613038354174,23.574437518804466,48.48871600874699,0.522396233601053,0
98.8523426192205,7.913420415166631,52.30513958212152,22.526309073402878,89.63274809145331,0.5235613796259254,0
433.89898546731365,5.783782612996639,14.79463781461401,11.130463273694968,48.88377872125282,0.583874116166,0
94.92926097244053,9.25729709053817,23.53642898612398,37.43778165699831,22.931715147384423,0.5936347233872483,0
298.56702716005094,6.606983586174793,52.91473386039661,39.8120966205402,99.33587954996872,0.6251185029850075,1
140.51862145895882,1.4962646276707092,88.74054434136912,43.116317526313864,84.13087841884727,0.360011642706254,0
24.316782004053074,5.98103448141776,82.0952079293089,19.349343811531575,82.61014611385146,0.4654125585902146,0
489.6961719907596,9.687849205040012,59.092865691142194,12.10094127366462,47.58011938030272,0.9696563863778033,1
466.64836988956995,2.9074293998686374,86.01281292186962,30.90922232968139,42.8575217044252,0.6912426864552887,1
444.85264286402617,1.1555000846559549,84.87928394629601,21.020207778507526,83.31245919874434,0.6682541894857636,1
125.71380690145307,2.076142200419797,71.76200038893585,34.7970807999547,29.140854500687556,0.41763792239431974,0
209.84575282341578,3.4726204299128716,94.55777618217373,10.063704291588936,75.72039001847628,0.5725429139470626,0
244.42819155662087,4.305023329858418,16.17202453255755,32.820806639661924,87.91297749448496,0.4131031765594071,0
305.0480513821713,9.277751111877816,67.74298113383003,28.025825260093924,99.64402405550841,0.7319625450090439,1
316.27693452410654,9.114611153388989,98.74713801900302,39.52187363245157,69.0882058805984,0.7740272274635207,1
156.30783760786122,2.395042002579376,12.408449580623193,32.598611610724205,52.404842527771706,0.25234517722521355,0
403.69941604811896,8.418676487289884,3.0149344610840956,16.874022177547225,92.75113183453892,0.6893686184932033,1
164.25858829835937,6.632992115630213,79.44101235985941,14.181253977731405,52.81058414240056,0.5922420074557277,0
168.08070046831642,8.689364961390487,69.64950375450985,14.772721085093966,29.413805327448763,0.5741563352709802,0
203.36758318183345,9.398237027703454,76.85141086949484,33.06356593388185,38.623835326247125,0.7073464488594811,1
134.65938429890033,8.80458850193495,94.07802855586202,44.351552554611935,64.72839557255409,0.6023774770995692,1
290.05417997968027,9.784429576303369,99.50236228373082,38.694112005041276,74.34299401453342,0.7366049741217651,1
425.0146685328228,2.4714520529069715,60.20834209976679,42.60892199666114,97.42825847599991,0.5105682754719244,0
461.31726574042574,1.0059006376756263,3.97311290685739,27.915247138062426,81.95542974810422,0.3852816585261931,0
2.47361722288314,4.149407793747266,90.33098954180258,35.288592071090086,91.19633120687703,0.43021990320268827,0
269.04307605859896,6.26637355099199,43.00587347708634,22.975967053256042,34.005385260279006,0.5169633727052452,0
324.0153124076182,7.002958894687328,18.322722996442863,20.16533708484281,57.37786246110503,0.48287106795159307,0
198.88351063318981,0.6167654268776945,48.110486551927764,38.801728638735554,76.74781713247746,0.30223865159074853,0
387.13308944191857,4.865261031076748,65.8737195478798,34.58655288883381,56.975316921303836,0.6372919060739517,1
269.09168461290534,3.221759141776502,23.90217569656429,16.486417251429366,55.39232673702492,0.30485767430269073,0
238.70465490630664,7.930048623028165,20.644856171333448,13.183605118865872,30.56899755595473,0.5580614898784229,0
450.7546216208917,8.113523313935989,39.96745097961391,39.38519647509919,21.07331418633858,0.7606059324900311,1
427.438400021626,0.9618104197364052,56.31822663476218,36.770250676712976,97.3836079534861,0.4282966519729774,0
285.63099975239044,4.723941114617331,28.606240746241696,21.636018726126863,97.20589802350817,0.43182688337890474,0
139.28001042612996,4.481925734103287,29.150831113846486,33.594416379975776,46.835623958796724,0.3635336381446539,0
476.9221351000338,5.01531065436576,37.340516480100206,37.81977728715805,64.50591487072197,0.6685187327607418,1
284.5845026075452,4.399640871372585,98.2369634494253,34.64699985768621,93.92005549540659,0.6764176123911296,1
77.52611012732325,9.722540909846408,58.6198426292961,28.74777060359546,23.076451076388686,0.44725206688552305,0
71.80080232871994,0.8539397443783059,77.86887805934634,41.181199861027665,64.93699622097108,0.2634985205390848,0
1.5217556308569913,5.531798861932316,52.42762218295803,11.620667420524562,81.35383323577946,0.3678458395853449,0
230.6753458022967,2.7669098239616394,7.628404791525312,41.31172189320145,58.26976564435683,0.3449084917689236,0
427.4195121819857,8.331983887534056,75.36966513882562,17.683895862730235,67.16960581029318,0.8627809121971077,1
261.24892987524186,6.5564059854876735,90.3946354373894,36.53511467908384,55.90244911443763,0.6852435595708998,1
182.97855243236123,5.983657133364978,28.99612106284438,21.181935382484507,60.242563840112496,0.4449579630357233,0
442.3105825005638,9.497006700368969,19.929934875379296,43.178318137739716,26.192553756797786,0.8309508066932768,1
346.7913515216241,3.3632076625197147,45.934446555133526,13.071506463134815,80.57688460439104,0.599435287877712,0
487.9136445988074,0.9265603816023893,97.65995350385103,37.292702889657185,23.542033347813582,0.6181312300599808,1
44.47810622711673,4.364487825004138,47.6449618804913,33.546875285502715,26.162683352818483,0.33754410423730125,0
229.47669413962552,0.42267884719496607,96.10196971642475,24.68955347346158,21.58130469463068,0.3810737608114591,0
94.46849959547716,9.439552154460984,78.98542421289882,34.00207282413709,26.810692956248907,0.4797662370771468,0
468.93914138542857,5.887114657991926,38.874633959148696,19.223541242906858,95.60302761551497,0.6673616961591604,1
406.91345337309826,6.174083244835476,7.127131744751447,12.314801935810724,84.81426422007652,0.6016905053435971,1
441.5439553095642,2.407397452578457,22.02687852797339,24.477056359750822,50.2943295282232,0.36618369657774863,0
436.3535369221964,1.0389888659719682,71.82521280176684,23.739915767260552,66.30098277244548,0.5764707023713735,0
18.903489595991473,3.281363339606104,84.9104622669947,32.56237506249062,48.54237020645745,0.34894046484625363,0
384.4265245428462,1.5632050202065595,10.804510639981945,36.822856305103784,47.385598839292186,0.43301084437264226,0
1.7128192596147507,2.829914876496357,29.75375411647424,32.132644493778876,21.05125396505624,0.15618676878298485,0
400.1598623527314,9.445021598000011,95.45368967273447,27.977914979260056,54.304621554846825,0.942331391247027,1
465.7544486057614,7.17693951659794,87.23578586154534,23.810023368423472,26.652458157591372,0.7852945945088484,1
425.8337796674527,4.955647652487323,50.25839029465057,41.79241872091815,68.368074135713,0.5964478368857863,0
482.7178909228652,6.5610999637939145,90.78294992337975,36.695653495286955,48.25095552822261,0.820674271745637,1
143.37845005752826,9.299480412803845,5.991950073033536,15.493448861907904,82.74518691179834,0.49700639392184787,0
210.81931740496373,7.45138281625931,89.95321102634507,23.085327576057523,72.34300596549464,0.7299676994496435,1
477.82913424285863,8.181856782409861,28.31425645629856,39.855136424106384,52.22320683272624,0.7827548129560532,1
183.3956452093828,6.041973705342714,70.490601757166,18.923513191769096,54.990785254209904,0.5139102215198403,0
59.57925766048272,4.62945759093304,84.5387281708062,11.910980239629664,96.17656065612476,0.4363503424574397,0
83.83646489205515,7.433973993673932,42.56140526013177,33.89914963017835,50.86754103426382,0.48397589722217516,0
226.17154261594465,2.9123915108038476,46.84408507095209,39.1573919941212,56.28100570076923,0.365565208055923,0
147.935825469594,7.009928377903946,41.37279657196154,22.10242517730626,90.36100314843934,0.4856003693468815,0
432.20185969681273,2.5556434699331785,46.13391021283959,44.25429158203632,71.3269781403328,0.6119036033530693,1
463.39743175552127,8.867432013616273,49.874501024694226,39.81606843060263,87.08288498096927,0.8333431309838437,1
111.48654057168488,1.8858221285431775,27.42093650098173,11.892515723274931,68.66874944080152,0.26083570882446033,0
334.2986692379185,1.3674249747358125,39.256335882892024,28.20398612128387,51.18353715169755,0.3777756582937404,0
366.63590737508315,0.2587239707681799,24.999136579336568,21.17678393186132,77.8377352609097,0.24860903340891688,0
254.55008021255588,0.6378812467540673,49.983787722046735,29.854156411292003,49.12658618790282,0.24197516817411607,0
179.39836955391752,0.2616679911153441,88.30165450651283,40.28840708155586,43.9316388643071,0.41863146876550894,0
26.173682046910507,1.9504070077901914,40.37091127318564,32.51859934530205,91.1529351680072,0.15307976514198002,0
494.6060030982602,4.477603956593633,2.7618363377320043,11.7602112942121,78.15974539071244,0.6451878720405312,1
8.583450260581715,6.697824413091283,71.7388067039305,28.323123661977423,50.431295879578045,0.3927050951824922,0
316.29811344032714,5.843993473139401,42.09503112973605,11.79352173728775,29.666675659129822,0.5876624125999098,0
102.42675988123773,8.975160633227734,97.18460770365512,29.133485159266503,93.58538418498075,0.6472179156256713,1
227.2729719147687,8.76326501332984,94.90752223265466,23.215094390678637,23.25540086856477,0.7226155201093413,1
83.38192125210404,2.737637147450309,82.77930693193248,24.17428282254087,20.726214906601346,0.2873023937627612,0
327.36423242777056,2.120355387156967,46.4444805064008,37.77274139900754,29.323421558115683,0.43858258695155466,0
167.33815580605193,5.537015988791955,46.46147336863897,29.30416423480466,52.625049181588224,0.5053608519350503,0
448.42904130019286,6.317368100805267,51.41488226583394,35.95112378661344,32.53027676622325,0.6898766486674763,1
79.01734426824231,3.4580179230594554,81.77112639884035,14.062741528717565,96.02649587012992,0.35910828554588303,0
190.89535279627023,5.366561525476611,65.66636855837903,19.09268674374458,83.3588435979395,0.47874271398344553,0
448.20398266117667,0.1942130688014987,99.28476344798338,20.086704840788084,81.80972851402137,0.543951223304567,0
388.0656527490323,2.510773673576753,57.20590470897147,16.49385543126945,35.064305995431596,0.49542349954677656,0
226.01980271092003,6.333646134381673,30.662793903419892,43.700152090496495,93.14925385235017,0.5453876943915988,0
372.9591079651228,6.794685977586463,9.800511439000225,25.42822441730782,43.260244017387784,0.5720374706140076,0
306.22629803582333,0.2984958157461681,50.54185925533705,32.46629880255089,92.3195537895495,0.3269093588179115,0
282.0032478732914,3.983203988778654,14.2091690551713,19.38974476984464,64.46535919570326,0.3509602134253623,0
134.17040989970263,3.8150274994245215,75.28374178905408,20.974792536865955,64.52882541821124,0.2868417814579012,0
280.8749692676135,5.225277542404853,47.170529087319714,20.088354832790486,23.878639718978363,0.5604935275196956,0
393.4882410377656,4.914822841219007,44.029482720812055,39.74981797760843,81.98725528185051,0.5596097417044474,0
113.29801186446525,3.373389065729354,24.597854384060135,42.39938036605835,77.50324179411656,0.24341631162723837,0
353.23012598450543,1.999043570687985,68.38284617167963,11.63563797917606,71.21078380690643,0.45482787731629526,0
135.58079058118315,6.787430036535369,42.59903183227768,41.90100109430347,68.14520767585537,0.4724547575346375,0
412.283474896145,7.9917415724682925,78.5552988938704,28.85759746597777,31.480102200748785,0.827939669828309,1
451.64314125370964,1.0902003451925213,21.262865112232088,29.05094870350078,50.422428857825196,0.44395993709901915,0
198.75233692048062,6.6666674234226875,74.06562989014397,22.248843667255436,51.02978078455037,0.5370034518751352,0
369.1510546483681,2.4718719758917684,15.563439839220727,19.582402348437114,20.412640159559913,0.39133705166035093,0
294.13081089247765,1.2769090253948145,5.724058302064117,42.421829574571206,56.67040673909141,0.2830112931960877,0
145.8933267867057,1.091752600478647,16.1394351600601,12.971897514669584,98.60697308459285,0.247910631640064,0
458.5812305898562,6.171732959666318,49.50342478556329,37.99474983574821,46.56960974358694,0.7283504121290566,1
63.046565120642995,2.5117715428661915,45.195706065099515,28.34201850559788,52.796771030328756,0.25810333884454784,0
147.36401750662787,6.039577531939658,50.23213169820641,14.55684993741624,64.22566808012624,0.3903215502626214,0
203.73593520359168,2.1804456070792657,0.05392633824559123,28.040783096512094,53.944306041192114,0.23628030227908786,0
229.2924161589423,1.9794219574162675,84.31154396985133,32.44490439771884,92.95676063197001,0.44610346457172445,0
370.2558077456284,5.0439541184009995,17.55557773863613,17.328933669181197,94.92597748269831,0.5571826933606661,0
83.316040932358,2.2722084729734435,68.65889580454083,36.73282793638175,42.00836544296009,0.31859250641548276,0
130.6739376596457,0.7878322399424309,96.1099631253143,31.41387171767589,96.54169912509101,0.32099393654355546,0
131.7980903861744,9.819095519841207,0.7229431544384046,37.08856855153854,21.050103765096438,0.3896942143206308,0
405.5819977534711,6.546316316398792,45.250623810868326,38.249224228846565,99.63709595059765,0.7051129575617379,1
51.413078374290045,8.380935401670929,5.0366579177117625,23.478097348054195,54.856367246540486,0.41977645270518243,0
488.65202141442967,3.5745380213821343,92.60832540596043,17.81803604959134,35.43140406171585,0.6757852523283174,1
216.00605718276884,8.766825204056886,47.777413281497736,27.389098254983203,36.42215088171608,0.5610510416539793,0
34.81070199370462,3.7323218697855,95.44102942030096,35.316402318937136,72.33428399368898,0.35703190925943307,0
274.0591850682017,3.6738638768253717,72.92018927736504,25.92869342942692,67.16946634114893,0.5105094024131751,0
305.8103443466085,9.760054386590504,13.217694777732769,20.20424313621745,98.71885888629237,0.6041195301455522,1
289.8439975449462,6.714270653481744,51.21430661887106,19.45315801757394,53.071726888623836,0.6315836304564624,1
491.0289161947646,0.4998676375104627,56.18207398945404,24.224249925424036,40.985893880353004,0.5358965294977859,0
206.00114931539338,7.8454424467962145,41.189019831944215,13.427806730212302,50.82401301750005,0.5933828934962979,0
53.554937760438406,2.85202805780718,79.79959338166105,10.621936991011145,31.89886725277581,0.3462236871370342,0
152.46276357520884,3.082861400562104,58.28751621738698,13.511389099387124,85.9824700665489,0.3660403218878829,0
188.13609769982105,4.59507799783169,91.74940494733313,32.19345983274772,50.90892449978999,0.5316312347375791,0
468.3961258426092,2.6643332116730867,65.41479676354804,33.23145022104765,58.600560628661135,0.5596766267853717,0
314.8678189177493,2.3670404836442547,93.2023355070293,21.13111248041659,32.56499086045441,0.5667081070431917,0
90.94126709846017,2.177992909777254,33.42235387251007,11.6277592453831,35.341953351278825,0.2644363199198391,0
184.53101649585608,8.976437341607742,8.947354237808858,23.50846042984309,33.71940333495302,0.4912501001376783,0
243.32202980695706,8.150110957289483,26.47177080898735,11.964400693417206,46.314487672475984,0.6338687170431623,1
166.74032182976083,0.8251718147285869,58.81636839071251,33.13387771299761,82.53286787185726,0.1771452774915338,0
20.19269179616401,7.175031812850695,82.31741935585765,40.8451317686768,47.679705032982355,0.47029284348236255,0
448.2492834937838,9.18590773451207,45.545489217722114,14.954105593138785,69.095028117629,0.8281166850743824,1
334.63167644178634,1.8963578044150708,98.343816040972,24.312340650914958,98.06102802838359,0.5842740780317272,0
64.34600720239992,0.8068679523541145,27.98920311765063,29.519541591060374,22.488390773484124,0.15834801863138698,0
176.1134199421051,3.5971348376273093,77.35751469129718,17.33224436460807,62.780373210040665,0.46970308940394057,0
317.37328483049424,7.003298246987686,17.838870162590947,33.48322836325714,34.78395737059085,0.5296645487283066,0
394.42970786608964,5.263330645563091,66.68680887041255,30.223371456204518,35.46338564976287,0.6316903961058731,1
236.6072889555699,0.6301913956972494,40.85383795377353,24.66998188722693,64.91033753182165,0.3113268659421524,0
319.64123229818387,7.243215429913149,89.27535801544364,18.97245500951199,75.48427564096315,0.7923525479466937,1
299.19314802400004,1.964932907179926,37.71513591473763,10.56192884842938,98.40745092091895,0.3919114650011211,0
325.899051893419,6.553247561970422,23.855981060053956,37.61542802732193,65.72042557213251,0.5579745766474798,0
143.86803792709446,6.381444354989822,13.88848644979529,41.527136413208154,21.159217659877207,0.3845415992434269,0
170.94562637514872,6.6026911514654785,18.164801158755218,21.73782750359618,43.85628726232181,0.3016722140259824,0
283.5845285164916,2.0195152343413456,12.647614902386529,43.942160892619704,89.6759418236928,0.25633079614690435,0
452.25283769258,2.0301017979486002,15.929133894042224,30.524757913272513,36.828337822114854,0.5337205446289245,0
432.8329634253571,4.659405832631595,88.34119561978046,42.83240770323507,48.72228845587776,0.6911861944860208,1
311.2784601534174,0.8670269306331502,89.59887100856673,11.5710675772687,75.91542083654105,0.5015959153684781,0
227.78805564739596,5.349236664638736,74.74623743306648,18.231667042815484,39.5166623443649,0.5363380697843615,0
210.55450218885608,4.100690983696028,51.17921225673122,10.891230564080068,99.25892404061784,0.4794374154608655,0
54.112956015250404,5.476500630015329,95.23028517684182,22.667621423277474,82.78496607585978,0.4174416509857286,0
70.82243705859837,6.784840596151611,38.10247097731558,34.43842565110993,81.5634695137,0.31909201631237427,0
39.154350552715876,1.9812231482194298,24.067204581331193,34.4425222716458,37.75790037222329,0.1362892933984376,0
391.6297770265858,6.041178010216225,56.65808691590687,23.8078006907711,41.626610570372094,0.6654786282092792,1
112.19946026873195,3.6574595992291616,98.59320500144352,10.975745569853016,32.682522884564584,0.35883205046406974,0
179.6357024972084,6.9530503444209435,24.711670453942215,16.4256018321615,95.79776087751003,0.415519585524242,0
218.1519362678726,0.33255308393503213,7.982738551506796,31.330588515642027,95.94209041862361,0.19514388563125679,0
308.9700008876636,1.251139140851082,36.96463869066259,27.694733837190242,98.66355346634934,0.28922488774451216,0
102.5487390035641,1.4597329545667381,88.7296651200974,36.63591706667445,21.563992825129603,0.19172798797653245,0
276.8982778043189,6.848732882617364,79.4802874218955,42.35530145776857,21.833685467016295,0.5423364363242992,0
78.34882798459758,8.637776264291837,95.07948026687303,44.51550858116084,93.07768028397672,0.6363749692312893,1
357.29023967779324,9.83197050563562,42.27829193655006,39.813135720609544,69.74620650274846,0.7165419376113282,1
42.79496723868947,0.5383740882854537,69.70490358985838,33.890879333353254,79.75525495420541,0.2257411060936216,0
220.53145985855227,0.35154116986404693,66.1516951730063,11.996125034023791,29.99223915201556,0.2881937625949158,0
252.2360535656115,8.208520439431851,31.77453949268306,36.628768116709125,41.306382255036176,0.6265013279393745,1
103.47760225394632,8.22157772232789,73.85362693088707,26.919246199660034,42.91765485065659,0.5931441412170096,0
369.53654304319076,5.950678013690757,2.31173281773448,18.41826120714489,66.87369399709638,0.5303662378314498,0
49.68575753133503,8.820545169875642,99.46144433513714,29.72480000753322,46.77099508100192,0.6716337832247216,1
342.914012470506,8.705651549630858,43.721990172062355,40.86333205860019,25.82697143782724,0.699917882634738,1
404.58804342419114,4.0685271953242435,17.13226471998516,36.04435730784782,39.07579611036315,0.5176161755809305,0
267.50479619298454,6.4195779907180235,94.76797405803946,37.48819801137958,94.32800661232739,0.6466047921883181,1
258.732912450706,2.5078958146448658,69.903313778715,27.07577182931084,44.87119999084287,0.5302114381241356,0
441.9493313170728,1.661449741455644,63.640619872557934,40.0506303888233,91.1530954030262,0.5251817439824584,0
473.2005533551873,2.619796117960317,53.059049565775396,37.82432191811559,90.97668429334402,0.49735901417879336,0
123.8098113112156,1.9020687722073681,35.48107117638835,17.29710944205685,58.05523329831538,0.2508479123636112,0
304.2853184847569,5.481447822525424,2.8067807806182787,32.32482280426692,30.853087204853196,0.48405697618117516,0
263.19319860054054,4.011155144098671,58.15519052358652,20.84221216740503,47.513382759729225,0.5451607059597293,0
78.45925406959525,7.6833982936006535,73.9197802890913,44.973662959818405,42.756745113465314,0.5507013957977669,0
384.09691073014545,8.332043368345484,75.50462166530335,14.596773438583668,63.39444597393789,0.8295718711853726,1
304.42718735552256,3.5304785880838985,6.972399402559604,33.1848788692498,57.86659834285581,0.36775289320088533,0
259.9299630462407,9.527714208743038,5.2974342734530495,33.261224375427375,64.85845872262757,0.5838464196324236,0
59.390245994914935,4.131771068901076,67.25166877719079,13.135362655248843,85.10669613971962,0.30715846618929865,0
112.32587149702866,9.679830372918076,76.48871807971561,35.81472760339445,71.74717189796046,0.7083555599687692,1
329.9871065145263,4.097280785484077,64.88975638925073,23.83675836019936,60.08610628843947,0.4947912710295782,0
346.5521240606189,3.9486662986103482,90.52924704921107,17.969697976397022,70.0043434460012,0.5807379734952874,0
251.78531516093355,2.8342164458002452,5.083168049675368,24.573227639705756,82.6078724487273,0.28564286082456,0
290.5471910923853,2.918402866148143,22.17406954799688,25.707453500232152,61.425688306348185,0.47886268657480274,0
497.26746242364374,4.2531526522017185,73.11604255008308,25.473822913784062,57.257133486757056,0.7597681441597594,1
487.1448549610336,5.302591995422052,76.56701927004822,42.83270303307805,75.6138962977665,0.7653959273164738,1
412.216307633913,6.167373413343972,75.15876368035713,30.51252148892317,48.214285178816155,0.7301923284303057,1
275.0411284524468,0.36870718555976234,15.2244619188458,21.297190816256883,69.34657371501127,0.2597237684603048,0
125.85398377468799,9.161940958083978,26.42023535320043,40.47277254979639,74.49336347364977,0.4642353228124938,0
183.79523547147818,3.733290707695096,97.41499858972034,44.43060206393428,93.70530620799441,0.48478629375981197,0
9.558478269803217,0.9078289298689435,97.61462915953632,24.237439742218076,42.95056188023714,0.2644344973658441,0
96.70884113112326,1.3336125521848485,15.03047734582682,19.444389263732653,37.60216816544074,0.10041844505669159,0
211.5105370774002,4.273104645080309,84.48274713341365,33.96864742249791,44.61967211146644,0.5603078720898554,0
65.36682991829507,9.818701080833796,25.961741034383913,14.408605689572628,81.44055006428687,0.5452458499067028,0
254.32315909441306,0.1908130272013775,51.865569681876764,24.773791042185955,97.64032733815196,0.31949691260111135,0
187.77220523569338,0.6087495691970968,28.04328010754894,21.68073368869551,64.62295453582658,0.21699483581428175,0
340.8464412979558,6.799019058432226,93.17536524148267,21.954795495404515,27.221702656587823,0.694693577763219,1
314.7092062389875,9.46889437403977,53.07587347637737,32.81618609820599,55.7591611419592,0.7689535226098079,1
400.78767533968056,9.495181268716985,52.72238544191179,42.4924273568127,26.292960478098237,0.803938030785905,1
344.15833431782045,9.398749355343298,65.76586181868552,10.403925215982856,56.55870608191318,0.7802468982110202,1
196.04548121935068,4.323099790835865,98.05362251178525,32.480045143253534,45.02896350201878,0.5113618213153531,0
381.8330712315425,0.6243451383676024,22.26868320802897,11.80668169656261,90.348473610403,0.4352161597410644,0
456.6757315544465,4.6834805161144075,75.71205630873618,38.65353121360707,45.56048561492045,0.6385320633563644,1
197.36227462471524,3.7461136013404506,35.54727557839826,42.57925507659443,80.17265485262189,0.3297014579890635,0
445.75980230204317,8.455788464590428,57.54890106037611,44.3224105641097,48.35471060035955,0.8218031634664126,1
387.99237016623715,5.150123484144209,66.90124995719033,37.28109727508355,64.97432683547504,0.6127929951438701,1
449.58214486722727,7.194512568876287,38.14720193456027,32.666812020333325,86.0737417885435,0.8041039929518714,1
90.1373216898334,5.36003380217255,95.97776373480538,30.339268852393793,64.72272619473351,0.4073167529288078,0
442.5415002285031,9.067971427474031,4.355595285444103,23.504302743725095,97.41806575506574,0.7570020864172903,1
361.6999578202643,5.860366215805735,74.8084995560023,42.018800290841334,94.47915186053748,0.6834579467418712,1
63.87922198042345,8.43760825310444,32.941198555039676,22.732767907981724,94.60450397448176,0.4348386001457726,0
271.34945855640206,5.586766735507462,36.51606195280694,36.11434185817053,84.27887276209796,0.5735678403039849,0
197.12203137875161,0.9145041295055789,74.88744217491482,33.450797766932574,86.13453101905853,0.2902716434102477,0
410.3370115545606,3.598832894341651,24.59585804601239,11.794453850720494,88.53374849691389,0.46990678836778865,0
235.38523499821378,0.41481388955685206,21.02285508873287,16.75374359690627,90.2309567768936,0.29242350575187487,0
351.6485899217597,9.619909921252653,88.49519369935204,14.800464024121737,73.85339780611294,0.8850089615530001,1
53.017561960911564,5.624597709707922,43.685700223601465,44.099175744355925,35.68383555885261,0.378380003996557,0
8.030875187177156,8.173483922752325,82.4142518654579,26.963899848533252,78.18659955620456,0.5667674316985876,0
465.73890884930444,7.552624980149595,41.41328093575611,18.02005515277848,93.64573629372838,0.6598128250535952,1
451.6502399465346,1.1173180904603974,12.811799869712438,10.552970489401954,71.49590133560105,0.4521394448712491,0
396.93195746377523,3.548172629657617,29.01093968336066,44.62064628714258,81.22611598913349,0.5735455590658669,0
490.01125573484336,9.891373260384588,75.23075594990904,20.883973158563204,60.45028960604021,0.8839584071962691,1
56.796881211382825,1.6922087089156357,61.0266312405225,12.985936431547024,63.53733679819425,0.25439600895053577,0
111.94457945888719,2.778782559362204,78.67252324048198,12.579253894828742,68.37327206121324,0.2963581081003512,0
423.2378552530811,5.826381664800455,25.64531612502631,37.894951043073306,21.966602745556614,0.5694748126361858,0
311.47741058136063,7.7534071465338394,13.162196008845672,35.87674347563943,89.51289868846928,0.5441978735308245,0
130.69904951080886,7.137856590463937,38.16130296505011,23.40814300584402,34.35729876001236,0.4959289188119889,0
83.9408019866425,9.8430044287562,30.965321514892707,39.00024318777177,89.01021971143236,0.5316759527773549,0
14.144235617246647,5.554262488547312,18.833854753612698,40.37414246663977,28.428390037853973,0.24624906865819643,0
337.80259549944475,4.9575641056426125,97.38954555280705,19.698736818426788,51.70380762599003,0.6268554776699324,1
79.833845373464,5.050285638533948,51.620238675159044,22.258925500148287,49.11003392560175,0.42391925969674626,0
361.1808881351726,4.213702815186245,5.934089175663559,23.823004789962404,98.86059985302376,0.4633198636490273,0
61.89789765309067,4.853628477629757,44.58274849484161,39.57519726349641,57.322840431333105,0.33842713551112447,0
319.15365365491635,4.890847503603391,38.4693405791131,21.710733140321686,74.18616230050668,0.5114134873877074,0
275.21917502626565,5.746005074239213,81.63462695062692,16.97499575788248,71.2149745559527,0.5995286731144038,0
49.9423278162025,0.624155930070458,95.19341292004101,20.61701442404218,29.50767665695773,0.19333842364485826,0
463.1265199673702,0.04435470627564775,44.69865981309893,33.821644095044704,50.15069424273025,0.433512159729017,0
344.6152151697396,1.9860349875102623,99.80016595813201,37.69155434510745,67.19633617360611,0.58899110993738,0
53.07495169014914,6.904211456128633,34.117428906690165,20.58107784187968,99.24174428217925,0.33474553838881543,0
478.2789972904074,7.848406011395941,35.30382692764702,18.49079933611894,36.03134721790618,0.7167711208315867,1
268.5958719113017,5.249152305054386,20.155088924021115,14.725019431543448,76.79788975645228,0.4735784270177131,0
387.45430777937395,8.850898289689185,18.578877213567058,17.387901839858962,33.425036115903936,0.8009188692003656,1
98.50853279290278,3.3727833847342428,91.00915390767891,20.6307255013824,48.31608218808837,0.3568955065203386,0
43.85148377640397,6.036064620753377,37.27609558733279,32.52920732718815,58.950228486363415,0.35180400589849353,0
161.46054648061943,6.4482861125769695,94.85087516264755,24.24471620210987,25.63734961538475,0.4610103652396307,0
449.87636549018714,0.8156974646479465,40.351975134837794,34.21706837601653,77.84730696343414,0.4685062590379774,0
275.9061435386925,4.307703282877914,9.931467928450955,39.442146166465236,33.58259526111241,0.41234983826693383,0
113.85013017263051,3.5378392236681453,93.2561547421664,15.532157110958403,53.115434295292104,0.36144899848770706,0
39.715331282887675,3.9381071882217054,10.077375652615316,20.337603440469252,49.709734124392064,0.15035597250313562,0
473.2998996385556,4.9480927808397865,50.1974004112532,19.548864303935872,83.97309237416727,0.7169039723030167,1
1.3945146959061794,0.026860371064569843,65.36547197092663,21.309459838725203,40.14513379319729,0.17792764472943867,0
388.37152264686455,3.2606415082805515,67.63818037577703,32.820366981264684,41.09800350404225,0.48236914332410674,0
166.3903596575887,5.501311754714236,89.09219764918038,27.828279344121626,65.07259963817617,0.5494713756958852,0
213.3493894659921,0.9317568351005356,96.42504130804309,20.271129580740045,48.371079898698184,0.42413375287622634,0
288.7551953708528,5.617333597197486,33.320715322354054,24.239685678545545,90.30789000371232,0.538972490396456,0
170.41185333138887,9.075127440858902,96.97494767236067,20.068324795263436,49.765291005776795,0.6137054982756773,1
411.96914133700454,5.634051920635913,84.59939043146665,42.23874181052602,42.39465408746714,0.7681647741592443,1
66.25150557787835,1.6989115223833973,81.05600774518972,32.96644379238251,92.12037077818118,0.3167517666291825,0
463.8287052911566,1.8334433091185909,4.045724190536504,41.40667851815594,97.73183859540617,0.3878838095490856,0
385.7956548230126,8.68973118515829,46.36822585336935,13.756173295239668,32.375006157617136,0.7347870302804276,1
255.55391843410646,1.3454190629512452,33.96663654472385,15.31926869378783,81.41498318736151,0.31679311431624,0
262.40111029871525,9.434273937231971,85.11110944772773,44.074097284919716,98.19028124974783,0.7517882778299251,1
428.62257778604464,1.71255101993799,69.39232525268562,16.70991176900929,81.97111380886199,0.5610403763424798,0
47.37246780788457,3.0405307157579498,70.64572294627453,28.046431161856628,37.00216711629034,0.2689239052128659,0
97.79213273758091,1.4357904060542548,85.25905926014894,18.459660181748266,40.759415936205656,0.25639316047818267,0
469.8918351593862,7.6493131867792075,6.228753291899469,22.0835090343609,34.730702649042954,0.7406812428057727,1
33.47027065176012,7.222321255283517,17.559200692408318,37.19663425261737,54.369920781655,0.36563425079054457,0
82.11291146220678,0.28600458260071293,82.97558763680476,12.100800855423453,51.0157801206053,0.2178526711538686,0
5.007184921090257,7.800348279476907,32.64800631114675,44.88227261643847,68.89730591807506,0.37244851704537824,0
327.2985674584961,0.6588435569806583,38.952932639329674,35.534842686263744,68.88896992339552,0.4172980252762919,0
152.31629775809236,5.577327398731063,55.599671831826555,24.467013124181534,35.655261630806564,0.4384094087454502,0
428.8812641973459,5.928214143277613,8.823624890257564,14.60930040335779,39.06811702534162,0.65467914653212,1
9.645660781189779,3.2452199762001332,87.25520635364933,18.293288207341078,90.998428786872,0.4049096940000804,0
136.42272290505818,7.0303779376500595,34.05637721427851,42.50347149491085,58.8885801844624,0.4728290800461527,0
448.11842220635737,9.095732742516983,21.179234168210826,18.39185599219133,72.34666479902698,0.7532145657096195,1
412.90395496105396,0.19906671346017202,51.544623593756036,15.997796444874023,96.61035348702177,0.37445526478277036,0
287.41008545462086,2.592797702879764,89.93787329476457,28.346860717843324,62.136881957802444,0.5769387521152982,0
145.88019184162093,9.011848071148119,35.24559995280053,28.677568674829356,51.33187297687251,0.5756386966291105,0
361.87375164738603,9.084227305383777,35.808982254308695,32.309946792485334,72.14001765785525,0.7396885627874944,1
343.43219766471304,3.805635768478899,99.38949482998454,14.090128864611643,49.09120754437782,0.661178073056452,1
163.87857707179765,3.690362381107196,91.78634073721922,31.179682857534445,86.21255733051794,0.5364145251737886,0
382.6280865486066,3.809889761627158,66.2568188388881,12.964978869415589,38.407811576617874,0.5656006138726446,0
498.1959200008845,8.464033447766685,75.92123759091821,22.775416916225318,83.62525793966226,0.8704429169333224,1
437.0060035568839,5.165685457985482,30.389176717150956,29.66943003520559,57.19981319833806,0.696345750687706,1
496.70922371770615,5.622521822320214,60.17847481587852,26.472510986358362,20.20333423645436,0.746734413058584,1
241.23076220679386,2.683592763634486,23.273875233156062,29.324690435731238,44.59563702417759,0.35915972085464537,0
96.08796313730072,1.0162243597599907,41.20386329742133,16.694923144934588,59.6623080792658,0.18117546921849315,0
24.04749494367303,2.8673755875624707,23.075955078626585,15.426279755328764,84.64424573085383,0.2171146879319305,0
353.38204007082396,0.18064850103926777,27.600335126948895,11.327276029617146,64.86482430406221,0.3994006611065659,0
314.0953672134262,3.50191849654096,79.07866733276461,32.761287266429605,91.97446981751094,0.5343084817726182,0
112.71619272883821,9.642881298286753,68.15928315399943,12.758627615086644,37.01054565116098,0.545456033264753,0
489.5403749260253,2.6213432003636283,41.69926488079403,10.93518156253011,37.12044410924424,0.5594209789372906,0
42.39917305553775,9.744335478530068,95.3252234937994,17.45091137308391,52.525044780969175,0.6331162430749259,1
207.35500109100124,9.45679447456998,40.000028283952126,12.607851558503137,46.275167697694684,0.6209586965517825,1
78.81403121900443,0.10527712147622048,11.331507677105112,35.074797730745956,24.464068625000223,0.05214485362855488,0
77.6670649048814,3.236164350581406,63.26481149994171,23.47043123989393,59.97090912714221,0.37056934812980197,0
96.47258972562462,7.756308719629591,84.3882962913702,16.65773980126858,92.09348044526325,0.5629888180948924,0
301.7035287874192,7.034800930024784,81.3988675329693,41.2609813127724,64.28721495535552,0.7460987780045061,1
321.3555535007162,3.1278832223803454,28.055660302790496,42.616132263189336,61.528473118570666,0.4023032065689538,0
96.61499550096158,1.8075502024405243,33.25856822572638,37.64065229004484,31.392747122377173,0.2772236108282214,0
176.6845255028527,5.740136484128776,30.674673860958112,23.299017746833563,39.92100594503415,0.4344014686609369,0
485.69334446664647,7.321817985111743,5.01062011168989,44.53695136186477,69.83246360896327,0.7338009765782592,1
476.1896482914402,8.632272229464505,61.82710539546201,44.67174760945555,72.00057093599597,0.875155271586689,1
9.285379022183848,7.115983348478561,14.48246853380758,42.96696959571308,91.77190393452716,0.3126992231259385,0
273.2602781433611,1.2175152631433517,89.54989467229258,42.47492099474058,20.196139155716377,0.5411682223843015,0
442.8438582557067,2.2975034086050474,86.98871830146292,23.088724245145958,53.06114541339667,0.6053886936045122,1
328.6912784859918,5.682706399496316,63.23621498875768,11.515014531863521,86.84134943503236,0.6623662041456296,1
307.16461153150374,8.054494151107116,23.45102295183863,29.952085983074287,47.171297691395104,0.6374978790262714,1
408.2394329571232,9.225180955642326,50.77833202073143,15.594199105634829,42.98424290172494,0.7225226330328656,1
243.72654855358934,7.594577510360196,44.94679298372266,28.514275555256383,89.11358012157399,0.5689631888028612,0
444.66852778806003,1.9915972063036447,89.29089626141953,31.777077665268767,30.782137684564,0.5974140643605962,0
75.57294496549966,6.438489706543864,6.534342372152835,17.46760097483502,52.29545366491597,0.299908273247078,0
291.144742924078,1.0248592612879126,54.61459702841128,25.445136529714397,53.46187967320493,0.349783947550507,0
476.2806151653543,7.841943808505546,89.53557032455312,30.27609417372415,20.08950342617691,0.8638557139630015,1
184.5557344047875,2.7545908240486225,29.76316771190306,37.69542660295082,32.48610124183048,0.26402879832020104,0
418.5578666237024,1.1768158441714927,17.97400021133111,18.51653403930875,91.94009144725628,0.40260988518538293,0
442.1398503930321,5.8285561315638255,22.89792032441743,24.249880763964736,59.710402313817845,0.5918058524476577,0
482.42094311872603,5.308139516981923,59.01349639356949,16.178154544972845,67.45229929841557,0.7273420803142625,1
283.4476622104038,7.052428037420045,28.05360442191409,20.65193603101949,81.1708669003243,0.565567359128956,0
41.78578789196025,0.8207917288758482,38.277452562081585,12.982146541123521,98.42998525903297,0.0796398631436665,0
100.84514756671648,3.771343720715733,19.91152438544622,16.40611871159492,86.96373537098513,0.23764239792741304,0
206.1411146300171,4.928876185113891,38.04102848879324,26.55847150091935,79.14372418990851,0.491469783445967,0
364.9617943842474,3.5400142376700927,91.18290227416422,18.839988015825146,43.5907412056936,0.562788097605953,0
79.60928891601327,0.6618418317520247,40.121672420258555,35.6208651666195,71.8608249851756,0.23189050513825463,0
119.42678369809867,3.5525493882129866,73.92599873484981,12.429605268372995,59.17027454388858,0.4179437287352133,0
413.1085236114618,0.0969371891921289,35.19207108182205,26.231610203497553,85.90573687734951,0.43541288695864805,0
140.56027771924062,3.6886253039292125,46.28798061371106,37.71899112157682,66.88169231622979,0.2566186487881512,0
254.84517995221668,9.646617614841539,83.93278951861284,29.012287852467708,51.90759428837697,0.7686464914903774,1
198.50032721036393,5.549875279503342,86.04973504880856,31.16787824910915,32.13646690826508,0.5697882093606841,0
215.62654311400908,3.9877900335497563,47.12117005516882,25.421334490711033,88.31535316947486,0.42972835824429845,0
294.1058255024083,2.5363927507123254,90.85116997988054,12.395823096302012,46.09408075822376,0.47047633551934587,0
429.9203916377353,0.4577743038657167,93.9130044661941,33.69366192636664,88.43815508649175,0.5284630895884271,0
102.23882904434872,1.2107340717148662,67.28189807838004,11.60753732878254,38.697838018629575,0.24302939876666177,0
8.67157932428797,9.223093794078348,12.331392309887635,38.162923730682394,85.4770689674958,0.3942239359275662,0
434.08963514786484,6.23336045406524,22.496333702517134,27.306177299443373,43.5484457869778,0.584132810754875,0
63.51601160296727,8.491312409848222,5.924259963309241,23.743585399002264,92.54143467098635,0.5005272798324052,0
101.8730546216744,1.2357456559293079,30.22822017531459,43.79369839538814,64.28571271616377,0.24299466454445767,0
172.6160044346417,1.230412203873672,49.190471029459836,30.42354315535767,41.536657581755556,0.274411345867143,0
218.6418847187681,8.764799462285358,2.4904778477829237,39.62843184229912,63.32960435778482,0.5375802121820674,0
392.68533346329576,9.332953531710878,21.092554007712927,34.50914174489482,61.579028103680216,0.6928220830484124,1
9.078869217608087,9.975577624576973,44.07247350875567,25.52971933447792,33.18993054885926,0.48601861218392295,0
419.9491790131985,4.375173205659005,30.273982342352202,41.86620513557731,39.86631724964252,0.5498444233075023,0
410.63180684244327,0.41987920525251576,37.85392174399469,39.90769668949257,41.527239617288515,0.39036931298423233,0
384.96050763191107,5.096996292524341,89.99169930344614,32.8375170348059,72.29913504016473,0.7060472822961715,1
292.81204282055677,4.401200958041228,85.35275554739395,18.84683907008371,91.35471912449265,0.5628602366768539,0
247.33965634050404,3.2614723590817785,63.43845534624959,18.953610956482805,46.114341756254234,0.4921890825117849,0
91.48432000299672,0.15891277618085176,13.843576805560643,35.587545500147655,84.66744181282459,0.12215428613624976,0
374.2114098907,2.612059962957579,78.82435833426368,24.429413251333422,83.18526156765742,0.547825740390168,0
31.22973406810303,8.958961200200177,73.02594622626509,29.241069955969557,52.02216990115129,0.5855363319123968,0
478.4246884147666,8.197207061528124,2.847139822086231,19.807539888162935,92.4601465958205,0.7262223556983635,1
273.13208496587316,1.8596412492191505,81.7254016083214,34.358100112083136,67.92692434528199,0.4909906794326319,0
381.0437395435875,6.433895165832736,21.98537736082432,10.033391789038989,25.59691815498919,0.6520038512449264,1
126.47155121009246,5.982299013653486,9.076319831128943,13.353365253076035,79.59943798773476,0.3325470052129662,0
263.200512750022,9.851633056386294,88.42422816588102,17.801847981372816,30.722570894809742,0.7736944472091025,1
4.398175081491818,3.928468342537194,58.62424106247131,19.90077142303484,70.25874939219969,0.30021920769649296,0
359.98243281937323,9.693636752289246,16.93163455411075,30.16040120088814,39.92231446416082,0.6949588539986097,1
443.32450166715415,0.47968688006498117,85.84988293485188,41.66451272514085,44.104879136555056,0.5648326002063079,0
94.59687652132698,5.610351580949632,56.1275654442318,11.72725819859749,95.85927570210526,0.4636136940149959,0
83.17388417941623,8.274280506546333,47.3367522137371,37.83889122959376,88.92979253046663,0.45126048745319597,0
139.798227917244,0.004596498393842907,52.532395501728814,13.167801399432534,52.870548702621946,0.19819110895199768,0
452.54513402185694,9.956951016391466,61.1034628691971,36.13930210929249,39.02719313172655,0.8724150080845493,1
55.58504103741857,7.8323297543791845,1.6122568005219273,15.570935040837613,92.50448071098525,0.2066527630401799,0
82.22848511904989,8.105563548922026,85.22381033882398,18.757684810074785,91.69846311442353,0.48553950470164137,0
165.3230257292933,8.29905844991232,86.64411326435624,44.87015432559514,31.44267769950804,0.7133171926548021,1
176.20420186614888,9.247630033470685,90.23673600835255,18.31103569913037,37.998419706900236,0.683125972105396,1
200.59293740013408,3.9792809669520155,50.905682540644804,39.65711000468015,44.75942711006594,0.4019299765874935,0
222.07083833452324,8.946163412599764,38.57888816998813,13.053976080079666,88.16251390221089,0.602146819329152,1
458.10286749325803,2.2858587172166533,57.80931958751919,28.640002073924602,72.49840689026898,0.5144840054827551,0
459.7516446485798,5.02663540258829,7.466751113121084,18.983498600949822,46.556860623729605,0.594061387313204,0
174.0566318290972,0.6224947015554549,60.41606638446214,41.60405861914863,36.58370512254269,0.31908475157797717,0
426.28360285905023,0.38678104242821365,27.998701455872745,20.811063937315588,71.13939442988341,0.399551158786119,0
42.55743752865554,6.234981688838465,27.656191350550642,26.889836650463106,87.33827332899027,0.39864898147470024,0
77.90322756891815,4.665760890113403,98.16580412541265,35.29447198355442,21.49479765472033,0.44536983679082554,0
5.906594518756691,6.375230300165253,94.28588866593581,24.4379714951782,40.82977592504325,0.4204714462645179,0
312.2123278947882,9.898122284675981,25.04955941006556,26.18225056985832,91.5400277594386,0.5740773007225094,0
392.95757302503637,2.4135711569638896,17.74205192373749,34.99307837987214,76.02450837513874,0.46356489698405706,0
369.698899205557,7.599958239940311,66.31629443696562,40.52116250351997,33.03597859381014,0.7525881229337538,1
164.90465027265643,6.094439282980217,9.710062986225608,23.37588665983843,97.60582995714056,0.4011896428973242,0
346.2389027989201,0.3271734405143156,48.117304200917246,20.22339678092313,41.957615604078946,0.39540899203880964,0
351.6482400508192,0.6366258042904471,82.43485288035862,31.067911724770532,76.68341261043693,0.45006482366737355,0
222.302306458728,8.871306749217007,84.87570303140936,38.200988983415954,83.86986465115993,0.7093280659609431,1
475.4193214411224,6.695632305187253,71.35754380490188,39.76569968686054,42.33437130192872,0.7265510639709418,1
343.6631539949542,7.260724287354793,64.00645981328674,23.39290900846441,50.125647231961885,0.6757279933053741,1
293.5709045541762,6.808540065705703,21.461102013201593,39.55763264119473,28.72332297900566,0.5989694074741346,0
134.40703888375205,4.699034315643685,12.519323276671413,33.241421873567944,59.764945110314386,0.30293182020941606,0
318.9068801723264,9.629369139565005,90.97146479805922,43.15769784929969,83.52055798231979,0.8525440399855398,1
54.895799194505265,7.105806424695923,19.49789904774336,38.03372069741843,49.06534376263689,0.2885169068346306,0
94.74941249373559,9.856747237725093,20.547164076294898,24.98161259919081,29.995051453452206,0.5512191299459367,0
126.19545863699943,2.794811622128396,78.78599954031901,20.90008861301142,20.03703240578229,0.4365561046651159,0
32.97163035406076,6.499170460791128,6.069473038643891,16.099958474176642,44.321755374707735,0.3057745607025969,0
160.0603731245648,8.49470772422727,81.088964178724,17.836687727409767,75.89741600201523,0.6454066847347646,1
5.958475696607513,6.002677366071723,73.62272958371268,41.006807853362126,92.78105972627732,0.5134705016308201,0
57.90468561488704,6.2934490217760075,32.464698634093736,25.549529059313645,30.35813572386118,0.3098705783015988,0
477.25302331975655,5.01098324951338,23.187173818013108,40.700574303497575,66.45608829649755,0.6407530806569435,1
477.7134478362753,8.063085548499831,74.78203657967853,32.65864196815919,36.38943145854984,0.863391920890322,1
115.71447850763971,7.681484707782068,14.129110561851377,35.39739785223537,33.37025837695315,0.42261799378386905,0
173.5951186403931,1.5669320727228542,63.9238182615677,29.213427544560652,32.24699248747452,0.3533372102695022,0
233.74526330386263,5.177200893867376,47.82802028229137,17.76887775552126,98.42293571510422,0.5131922550253926,0
369.81914947632384,4.740750077209079,56.247791475704325,39.94081409300716,37.63300303661324,0.5754134105947345,0
153.0521732590529,3.917266124661658,71.24927703694304,33.08120488777296,23.644052236381654,0.41124418945913216,0
355.39469871879123,5.930517444177038,71.5170380897532,10.765212969349813,21.088207606260934,0.7032676302268387,1
214.54401722848417,7.284314886147189,54.28471759140477,29.71105962533923,85.06714949410366,0.5747709106721564,0
248.42605338399065,5.063001833019694,5.213028796274211,12.228687897706852,96.59978850749822,0.4763037613930655,0
354.68820151072566,4.953111542483903,75.96733316308524,15.955272902967362,98.24244130028661,0.585345958594206,0
391.12800366143097,7.255536550150139,85.16014183426103,35.096271405211255,29.236812069304932,0.6956853878718348,1
428.50632975406717,8.787037296573057,25.59734736643593,33.421560060546824,49.13678870238489,0.7736581688472166,1
23.878447230546108,3.5700243646843544,58.80639726146191,42.47314584323858,29.455868914490317,0.3151851437232305,0
169.2172017458679,4.469891637347537,12.645512802120518,27.52564802787952,73.42129162886344,0.43129310835384704,0
259.3049623385762,6.706593188844707,76.1814114360171,28.84832508860262,99.20343266427143,0.6403000561520741,1
334.88361111253255,2.866349201339986,40.14413650449905,13.169148249004994,35.07751790725748,0.429837175915766,0
220.05737432510404,9.648022088608755,99.65992127668628,32.77251194742416,73.91065131055038,0.6476722461052848,1
172.27531496177602,3.1640466193089525,99.0009996310887,12.71352180203619,74.75800645554939,0.46347646904532347,0
365.42777360359025,8.085397220127165,65.71587067181383,35.386082503887195,30.243294934271184,0.6582649481529292,1
108.730673347188,2.11454095823827,16.860023747101238,15.270777699848045,98.60719334487904,0.2985752065509468,0
310.00011718995466,5.481413940992741,91.91642182582653,37.37632790922139,58.48137386167608,0.6712314741340862,1
222.96328761015604,4.524734366613657,78.00101845557215,35.63535128565107,25.568093212590426,0.5692650530447076,0
323.0037396426154,1.5185354415740393,50.74236442804524,25.633203982854454,45.733964543163914,0.29569406506591867,0
113.26466263335338,5.570791626027139,23.143207908225794,20.34665385111468,95.53249341741933,0.3876981930428581,0
115.91983386022659,3.101750315049161,95.2589532860515,12.231253133304286,86.29766242203782,0.48571882702461905,0
8.11517145608287,3.7682437430600957,72.07059161470146,16.80598014461338,80.76632709773992,0.27300423161755666,0
316.48953306357356,1.789210328491363,63.00766378546248,41.12441404203348,86.90189347075061,0.47386622018280866,0
189.39802842620017,8.848096439986447,9.729418178947657,15.913953547754986,46.207668146609755,0.5056791711781076,0
452.29388024839324,8.983018585461846,73.48953964252509,17.292108442122483,37.34751342769573,0.9100102507284217,1
131.6312603557817,6.099620047857568,44.59257835017824,39.959474602748244,66.87755274813189,0.5478795065813148,0
486.8402791272117,8.014823113476657,10.63012040230581,32.41764930178272,72.85361529782779,0.6374636460805039,1
74.32670507722806,3.523704640138571,88.25115197171003,23.526627312203424,59.334376906663806,0.41949675126837394,0
98.87639180378926,2.3611365830386264,2.3360618581996784,32.71219428773686,37.552452981080094,0.20835870863752406,0
397.731571032595,2.1955968434734774,12.08433094031669,17.864080350910882,52.8824298798383,0.38018448467639354,0
490.1545129050097,9.377340313394424,90.42884906004912,39.09312005292213,80.1375793229414,0.9459914093735777,1
165.42584298206225,2.1203572865479012,20.549422887934,22.254529031486072,89.41261523669317,0.3104854237466873,0
491.6471662571305,4.94275465867951,27.835595354419297,42.17368916529099,90.5607216918254,0.6156426403651916,1
461.8599687847907,8.624614907369129,65.33299644304272,10.547250585616336,67.63345646110473,0.8792866427737753,1
401.88586748133633,8.981553791207999,92.90892535863692,13.029305507429797,78.65178115025671,0.9421206005783148,1
198.8440793136884,8.989783213967833,6.377880098680199,40.83676647227618,34.184277355347575,0.5275782921471738,0
156.23331924709748,5.686801417459693,97.0518609118233,10.774060069266243,88.92344627577914,0.5443102681266861,0
87.77365977039908,2.671015237827797,79.27228141628349,35.14401503286328,99.9123072275086,0.35095051135382554,0
234.7571604176476,6.373750392833848,9.86878862796039,26.112366568877626,21.112310759621504,0.45027527815101337,0
292.7139075722679,3.198272651644843,1.7515391719409967,10.82778397856156,92.34923400966503,0.3810413101075317,0
437.9954793619757,2.822452142785087,80.85898676219193,28.54497471939241,38.28102172328204,0.6874815831580167,1
86.07476845731604,8.809401049985597,63.33181292568406,21.70960935837124,70.73635543613607,0.5407704187690918,0
249.2262676027059,9.993726387843685,2.2871480465306515,33.48017949279809,44.64140591986315,0.6095114418585056,1
331.53147769503005,6.214394734754032,2.6874742767855064,35.83766584559321,46.12430540438475,0.5637429338070221,0
354.0040104639355,0.6572254803443256,26.066160207470457,19.69776195904236,85.28717220665311,0.32151400409573344,0
384.9387752521398,0.30019118227731845,26.63538206032091,24.13942678243228,35.9097345562035,0.37358197385604386,0
459.33578017797754,8.584233042910585,73.04134754073995,20.51733870196339,64.04084477499718,0.8600157854254256,1
498.5970363810541,9.25353024267274,31.050382413643952,32.82344311977356,52.021246029916824,0.8890259806701543,1
200.18686603472696,2.785401443435469,45.244873785195026,22.314446400637138,22.113905007255667,0.4256100062654974,0
335.5614454340773,4.655435624232091,98.35111130208372,19.666008779016103,30.43970668167055,0.708513138918762,1
484.34951058822014,8.67921334406682,14.42932441699728,26.407354372288424,57.69793044814384,0.7883559929938982,1
360.21220105354325,7.746763090997623,53.282704014857316,40.32903660402515,86.66032046887096,0.7475461555242159,1
98.57509274597447,0.43411377583359445,34.103635691715276,19.563781353113974,87.67541013333965,0.21849862672245518,0
157.90917594876896,0.8624402921302721,63.798513635946776,29.52825485249521,29.38999615457126,0.23258561049412182,0
258.6495155387989,4.057124618955253,96.9426449048671,23.665503245859092,21.253104804704392,0.5526120800283412,0
219.12883290765018,0.002645513277919065,51.82538701233658,27.83537004366657,84.99763361158983,0.3089883154647989,0
131.06545973693224,9.523372387215188,45.84476811548116,41.30370407467121,45.2962415085943,0.5960897331552766,0
94.6899024852052,0.1210328955161788,72.34297906222368,35.93625798267746,52.578791236067524,0.1980131872340566,0
457.16307798804536,7.802848216092221,42.94925712786054,31.794766177687663,78.69418504467097,0.7829614573638585,1
458.1431957256899,2.1141418267474146,3.240640471331546,27.556314409518475,65.51442056486324,0.3955762490663309,0
97.97047699354044,8.948538249169566,78.45288220945636,43.14967923313279,94.1742059699497,0.6613228092497523,1
182.4511921427021,5.332391277831006,20.45066949343345,21.91651456119702,69.69358739281017,0.37136872335927595,0
378.41960444611004,6.027977978188136,86.33908437638436,31.438625294724986,29.876462462512574,0.6721361007562003,1
470.86328372458047,0.9145466956019377,71.45221672327942,38.349706533288455,84.6174003542314,0.5279394145577532,0
161.15916194789736,4.52603435464623,35.16730171339293,17.439216839261622,58.636871301123385,0.4003806614559113,0
253.89602647516014,3.4639337820892893,26.955172485539514,34.15504068061712,64.81750105666605,0.376966158494746,0
43.60804709390198,2.9143200308985984,48.641350735174505,35.897544527437695,87.03235731702065,0.2668968100759676,0
26.253987133423195,4.800423851829168,14.91305833773372,16.46563023789482,70.16346067166154,0.24550821613864482,0
322.3394462858779,4.541860139675007,51.58991285060288,41.21653845185877,54.68455901626417,0.5897893784272726,0
248.93487708743118,1.7032954751464968,66.57867512435264,14.776508251810682,46.642772472170975,0.34882617697562807,0
102.29637677235581,9.15291589014538,91.57573355300592,19.993724082616385,84.5879389979194,0.6277254159034423,1
333.733945223852,6.94188839857966,25.313075622794003,20.717813011188483,73.51867050567776,0.5869647220051516,0
90.03809899434889,0.9931829290714811,61.876278037631224,36.22816098352055,61.31592809385448,0.2498615052147759,0
439.47653975987345,9.204365822479009,91.68696620829569,31.519128015004384,90.25417999587428,0.856463679669632,1
39.37672527038433,9.978377476483717,40.161539425011505,43.880795673316165,65.18337926408239,0.47640710762889926,0
238.03259454211928,3.81222710534479,87.86380160522437,36.1562131217196,93.23904805405614,0.5848452740155791,0
102.03646550344087,4.568931987362602,97.54275899690884,41.39077945805833,88.08292138164344,0.3542657992655436,0
433.2773376114279,3.68417655211724,54.84779145350729,13.400167710340465,79.76262055388659,0.6977105471103844,1
70.31966018597124,1.7041483103107202,20.72211158627777,24.197758931777905,26.56920368491499,0.2178666923695423,0
154.68535946255736,6.783927528702712,81.63960125220784,41.36644075257965,55.901209480903105,0.5855276997007357,0
70.67305979275679,5.715382902737231,27.428656160989995,15.118093838567043,54.82038611571304,0.3580773605809673,0
158.3575458220033,1.7818491848453721,10.164195946135079,13.732721071275495,46.2884407033468,0.15910920698641945,0
453.42914939016725,2.2442025017373046,63.99786211567455,35.352424949415806,97.0691986627705,0.5388519664577774,0
4.2606627949604565,4.16141360517161,10.785294548203705,12.195651374464102,70.58803886741828,0.12248038999616175,0
462.74791356033813,3.9971734928454437,37.16885066589406,14.463664568400784,72.65956618115311,0.5752317869965546,0
172.59023572996585,6.728703597792318,9.81311207836546,13.661328666832297,20.27008481132264,0.40675969231378706,0
4.767283244978882,3.1276589018595136,73.15133235434446,16.134870950615372,91.81993719805176,0.2630351636781162,0
219.0479340703918,1.8768325234993777,89.61858626574963,44.27577811021599,61.52832774192788,0.3081971252287566,0
159.10145336512105,2.3561377659507334,86.20681902759902,35.73868618702136,87.26091823932275,0.3759006685182595,0
122.6086238742783,5.59448089570978,33.05515768139593,16.714137798394667,91.39291027441561,0.45398688759742256,0
156.00865294692446,7.938646846888901,39.49863857625924,12.425059061719908,71.63335432734343,0.44496795882731005,0
57.200169033482965,6.798319052947618,22.88144668705201,22.359847334868917,69.84575063443194,0.384410310975049,0
174.5190823805169,7.531683158323274,44.155528681993026,44.3731893637047,98.95013255517115,0.5132587879108926,0
273.57849747662107,6.145116986995422,65.85355870104492,28.949543604898132,31.16730877649121,0.5860171428789716,0
20.725068097987908,9.582352398096717,79.53683874457226,10.665253646848155,95.85555184203402,0.6172825623251478,1
383.24742377120884,2.857143723897665,69.16794244544926,11.506648068019148,54.5643251059656,0.5516490768814004,0
474.11855123620353,6.137630366846244,69.34465388638486,32.73302965326275,47.98414757815443,0.7236930054021179,1
321.48036667418273,7.126373584020741,55.349590219383224,30.11834900734668,52.0613011830871,0.6495618799708587,1
87.97463830384567,6.160960832991144,32.23883481553354,41.163513195188145,84.38283718516536,0.3772850428059368,0
160.13972837351227,5.697735672011496,16.95989809214209,31.53663096960631,64.30455406930261,0.4888061097767661,0
81.66315105816018,1.8410630531889116,70.93391662635578,15.227507949538076,28.903683618227014,0.2848846651872546,0
349.3379892278604,9.450479106954768,40.1034549635593,30.651760566851596,32.83719684296067,0.7972716925367673,1
238.83211666615557,9.925090742820528,86.63993974838523,21.754601034052612,44.181904683184314,0.7301576878532712,1
386.023505374115,4.747943975607253,46.54190182029424,24.93439593722085,55.66813590121959,0.6116753967247555,1
233.37825819979525,2.2739946401487767,7.267008269847786,19.225360288024127,79.65766044419551,0.2788544035672506,0
99.89071197424026,5.6223301501267775,91.76763675930027,43.46835578071175,98.33200945528763,0.4061612737658886,0
139.57718297235465,8.729847935453757,91.331870219315,25.95861193762847,69.88017038143104,0.6557334437887806,1
305.67748254541806,9.4647976410694,98.85451755754957,20.43862805970371,75.10704785707503,0.8625779987290971,1
129.23969520500034,1.8083267516460455,88.10829269342696,20.20016058876291,51.26440180587047,0.4105093307357148,0
239.08888947374902,4.993820858734189,90.62526029675976,13.324793162959265,81.53671062075159,0.5049873032116355,0
271.6101380680631,5.643553395164949,13.315745882397756,22.5339705163157,35.551223324252454,0.4592297706410748,0
301.9899250875762,0.40564108085408557,88.46760656712576,29.245168282036378,60.42853033038141,0.37590325431007016,0
332.14584349559766,9.014495581974769,13.814163617364771,31.738077315701418,83.11218225099829,0.7661519680488389,1
185.41579457118286,4.6970436956871815,32.568510440698205,40.865485149934344,71.68842829025535,0.42920648819143403,0
308.8454890462064,5.783826324299188,9.32890418318153,33.50675809313354,66.2726103420235,0.44188967863810197,0
349.02901320883933,0.5659048814987822,74.17660647552462,27.2159757108294,61.376355622270026,0.5209026551603584,0
495.9952303977299,6.729620306924851,46.66156065068755,40.12181499816042,76.59396956071322,0.7180289010409345,1
294.90907692822316,9.323425200918706,33.45290263114761,27.53085729093564,97.02214851363209,0.6959418314584339,1
429.65612006685086,5.047231818956346,57.73707317470631,44.61437425655797,94.92153599670281,0.6085566875671302,1
315.31439446824925,4.539188784707918,25.14138210102914,16.09106183483609,55.7401234210767,0.5630245938930118,0
345.79731911262706,4.474095397678641,2.049172425995738,23.95316054182024,96.49012396224306,0.6050236780526134,1
196.77976757603898,4.1091646082089355,50.762502202623985,11.519259592467261,44.13619657760617,0.42679290450874646,0
39.52155102813093,2.4452953057114657,22.368530472323123,26.870977164887517,56.275151591694666,0.1790166928261437,0
125.26160996251623,3.4409003557069804,99.12912432842539,44.22115827536384,23.87546450508074,0.48372554525661543,0
393.2131149781655,0.8540124807797367,19.828579527873092,28.40313852156151,47.35487791095431,0.4698551041153539,0
361.2983468400471,2.4215058540616585,21.211878108418226,27.347159247215586,87.40500628249681,0.435380402314857,0
172.7645311394294,0.8956904705022373,96.9221807765555,29.19123531329635,55.20885827344146,0.2831203710696757,0
5.017150734551057,4.690909747503404,13.033643328690857,33.015278740084895,68.56646555069578,0.25334664519430433,0
253.3629108965762,2.5673623594977704,77.3112619586293,39.343067092292415,32.245422233844266,0.43613177694378025,0
258.7402948604877,9.31764730160408,25.149714624174358,34.248485816763036,41.14028776106147,0.6304162727258241,1
455.4294235292911,3.5677564706117906,35.97174791250721,42.23604707557105,39.30311829582338,0.6205037469815656,1
87.3126665868244,9.331626516246024,74.58262971127432,35.79414069136429,72.90191769219825,0.6001618135520558,1
383.33386608350423,7.123497897376878,67.3796424737509,43.4805051080743,29.322415213694093,0.7635413907645672,1
104.78805771496735,9.727032926695705,27.155482818324938,33.13784570744254,88.9786704231514,0.5191759413135141,0
466.69819879075067,3.016172318103828,1.476121628576188,33.88086023940649,42.626354477847556,0.4734287952646731,0
164.88233858466887,6.592953851889417,21.59878021689554,18.944679738491377,68.93263274950843,0.46717193616656855,0
414.66788263804585,1.9272003916039993,20.180295686377157,42.3306873293258,49.35767918729873,0.4213813058029323,0
207.87591785148092,0.9210935105757379,90.43623726412012,34.25288592342473,53.32103811853959,0.4866976721469207,0
124.3162024212574,8.406115151216847,23.13190217045199,11.627759256394686,38.41520706012724,0.5876903223446374,0
290.2961837448067,9.37985508688031,87.38396130403443,37.58737421171113,88.01540905602616,0.7751404448854698,1
329.41285012183465,4.698713048927408,12.709418936986161,23.912715009550055,80.32638258352169,0.3310613222803464,0
432.4576870914249,5.984482084840586,65.99549275280758,37.739090475060095,39.90661636275864,0.7448866395849129,1
9.421190319979955,4.319685905317624,52.910824532032265,22.830745429691323,95.08844406504237,0.28914996725279274,0
60.948281715753005,0.9256851821680812,42.31588186811553,35.00566638594432,83.59314086256406,0.14655757870669073,0
457.6434859195828,4.643009795450574,47.74018733722075,41.70674912240045,78.27684944159776,0.733823205580122,1
392.0458352823157,5.336311669545485,4.215468293424374,12.450615351139108,90.26396931869009,0.5248304669854569,0
124.2139449036283,7.73214290281937,59.17498690256454,28.725677688315,84.39751018066856,0.4994284417525748,0
217.31509757973666,5.852756399590378,45.30323992094497,29.889007944044597,36.30189690995359,0.4883716796899729,0
226.3456580636158,8.8988274280921,29.083397389696366,31.76547620371311,22.062512934287763,0.5856741889093443,0
479.7135017436448,2.894592580660883,20.029026913633064,34.31229884196773,73.91111983049593,0.5247737747818609,0
306.6279750049866,4.662521356724051,85.67296712832736,14.530914651960305,35.28173794103549,0.6144500761320576,1
170.17287631868865,3.1797338844948984,78.24414240812474,25.382645197406966,59.26617340331393,0.46025350930290154,0
141.66028409161237,1.7782624779165135,37.511050295326896,15.919432481822486,49.74505725827313,0.2190285655525687,0
423.19645083229193,5.813437090148299,86.44343687808504,32.38101827341047,47.57410951427198,0.7208246546569591,1
485.5921048633045,4.712461317734251,42.73893994901884,37.13196674080613,67.24848471856419,0.6620232001533598,1
160.17654939804683,7.101836768855598,34.81484685353398,41.299715092849354,27.5082540911233,0.5176072854582201,0
276.7620198025391,7.664461178550135,76.08001180330159,29.93750598268771,54.35033937677397,0.6839577093117005,1
5.8814173416698035,0.4189190714316915,52.99652399478655,39.22867900185539,34.990179859986156,0.17619184472794389,0
409.0407543984909,2.824961843351227,11.763971563483189,20.9346504609996,62.62925916809429,0.48787949581918855,0
333.27954027942917,0.3899113431752532,55.85096710421295,30.167614617081945,88.6956727917751,0.3448909554415261,0
479.9758267455612,3.8818020919670584,68.61654261373799,43.35055922300192,44.25491108791582,0.645911885293315,1
456.7296261435043,7.73684209412611,29.232717001092556,17.2870568724331,83.36212203026514,0.687707233162282,1
147.93855007910895,6.538347532102434,31.167198209132387,27.223693030605393,28.620101380823115,0.48872125042299613,0
232.8198744074738,0.25753601402607296,99.8765259977083,19.32308234249062,80.26550652769826,0.4689762229926809,0
70.34520256938531,9.493942459086474,19.41715302108421,41.8893389048618,33.449928430450406,0.4965423422800483,0
101.89208281734314,6.303812422878009,39.95266344580964,20.736325881848906,42.29350558207915,0.3317969900920336,0
33.40937738865618,5.606838758733776,92.27538472198073,38.74477479158539,98.30809703520946,0.46317217415097517,0
256.5098141192012,9.5175130172196,41.13396320350674,36.941196652329886,79.99965370022375,0.6231752658384371,1
364.7445808980401,1.202235581811567,48.26651946756802,16.55938552368162,56.56324793377288,0.45299471689313064,0
371.09683002569415,1.8261821728456518,87.34260879808059,17.894268478297676,54.760435425901306,0.5579554210259566,0
318.97470270686915,0.1280514580945058,66.87349376550284,29.85395899413523,35.51740782374546,0.3605850177488915,0
10.534568103398701,8.038338949328688,52.278162124514694,24.916058860312006,47.68282975186038,0.4635705815461449,0
488.60949438849013,1.8857034842896592,56.15932256731365,42.06923982523153,77.57630415968194,0.5996158755286599,0
4.0288261861937125,4.336740072234936,26.28266164229016,30.605486876839947,22.537208052381832,0.22725979936094695,0
55.261924589036724,4.480014707085104,19.255299285842653,42.452268964540536,44.392040171972546,0.40698380259782685,0
477.9965647474143,6.20392819297904,9.640842366928492,16.56498527355031,33.93679009826867,0.7134666955120784,1
234.49483103651724,5.38298541121781,81.43965025944976,12.045157314061704,88.65474260449555,0.5804116472271628,0
116.75933507082325,5.5812253068522875,75.99519810793556,29.482918121137242,37.36290276223351,0.4645158213289716,0
240.00770055801746,0.9892213881197742,22.935542654255357,37.105384781056244,40.17176885120921,0.34841288500754786,0
165.35094780448162,9.54965918852453,10.399760511149037,20.60424212512089,31.45686214075308,0.4707648984610068,0
145.93928965987234,7.113851865415794,85.24895061009316,38.59173779956194,62.138005652085305,0.6453700841241241,1
300.90153589736906,0.2946492418047375,29.882237264563383,28.71806703380782,58.87009540194646,0.2859031538671853,0
431.5620041941612,6.892143868031614,10.636888239859887,31.489982185760557,44.72288755247463,0.6346452832242175,1
386.58893877013736,7.841801878618005,19.920064175915396,28.021314591548602,54.64493491091079,0.6034522435002585,1
399.3278774854256,7.267454493419993,93.63645008819617,38.25529301676846,52.54633539244573,0.7995287255293161,1
418.135707616338,3.8970651807922208,56.66295203947798,28.02019529334703,32.19757768925508,0.6101463217995182,1
201.2395725741248,9.910927432302511,44.34219284728731,21.30005381579922,70.39493345134831,0.6412587445775867,1
56.10950423455196,7.918855256567686,43.8619392431695,10.013982233618798,27.581268404584314,0.36115126744278064,0
227.38464796857284,9.68855968778614,2.940345239923392,11.745105723955602,69.38065407039338,0.6137570855611667,1
446.34762327048605,8.096197995703266,93.15068920011119,15.678273914295566,66.88536068616735,0.8311811965642243,1
461.2568174915112,4.4881379923529465,27.34090408536908,23.658007431861993,99.03533294762755,0.6185397588247563,1
163.91178279106006,1.8391985458371451,35.27833157651921,44.82327571004511,37.16465597476091,0.2678744497699131,0
311.6978598189716,7.006684219568352,4.500651823296986,17.706373439976566,79.88313272483374,0.5996959447745529,0
173.44062109910087,3.4660228158856765,54.22356841620303,21.023675031375163,78.21119525438168,0.4103144772940187,0
57.81006482175521,1.615534908344608,51.74576917325419,29.10851951282729,75.27830884121643,0.22076243742638715,0
162.70766032777706,1.78136062284457,69.91887556124196,29.464179554967355,46.59111090059612,0.3496726096725345,0
101.53334846172952,5.702040672883263,64.9300315669578,24.896375245567874,32.269062302804784,0.36296887695256647,0
157.93833486530806,6.913520518760084,53.847280808298216,41.856439546790696,39.619259456477906,0.5044172177351827,0
